{"n_cities": 50, "seed": 123, "coords": [[69.64691855978616, 28.613933495037948], [22.68514535642031, 55.13147690828912], [71.94689697855631, 42.3106460124461], [98.07641983846155, 68.48297385848633], [48.09319014843609, 39.211751819415056], [34.31780161508694, 72.90497073840416], [43.85722446796244, 5.967789660956835], [39.804425533043144, 73.79954057320357], [18.24917304535, 17.545175614749255], [53.15513738418384, 53.18275870968661], [63.44009585513211, 84.94317940777896], [72.44553248606353, 61.102351067758285], [72.24433825702215, 32.29589138531782], [36.17886556223141, 22.82632308789556], [29.371404638882936, 63.09761238544878], [9.210493994507518, 43.37011726795282], [43.08627633296438, 49.36850976503062], [42.5830290295828, 31.226122297246526], [42.63513069628082, 89.33891631171348], [94.41600182038796, 50.18366758843366], [62.39529517921112, 11.561839507929573], [31.72854818203209, 41.48262119536318], [86.6309157883366, 25.04553653965067], [48.303426426270434, 98.5559785610705], [51.94851192598093, 61.28945257629677], [12.062866599032374, 82.63408005068332], [60.30601284109274, 54.50680064664649], [34.27638337743084, 30.41207890271841], [41.70222110247016, 68.13007657927966], [87.5456841795175, 51.04223374780111], [66.93137829622722, 58.59365525622129], [62.490350209559985, 67.46890509878249], [84.23424376202573, 8.319498833243877], [76.36828414433381, 24.3666374536874], [19.422296057877087, 57.24569574914731], [9.571251661238712, 88.53268262751396], [62.72489720512687, 72.34163581899547], [1.612920669501683, 59.44318794450425], [55.67851923942887, 15.895964414472274], [15.30705151247731, 69.55295287709109], [31.876642638187636, 69.19702955318196], [55.438324971777206, 38.89505741231446], [92.5132489613986, 84.16699969127163], [35.739756668317625, 4.359146379904056], [30.476807341109748, 39.8185681917981], [70.49588304513622, 99.53584820340174], [35.59148657174595, 76.25478137854338], [59.31769165622212, 69.1701798700177], [15.112745234808022, 39.887629272615655], [24.085589772362447, 34.34560140483249]], "distances": [[0.0, 54.0, 14.0, 49.0, 24.0, 57.0, 34.0, 54.0, 53.0, 30.0, 57.0, 33.0, 5.0, 34.0, 53.0, 62.0, 34.0, 27.0, 66.0, 33.0, 19.0, 40.0, 17.0, 73.0, 37.0, 79.0, 28.0, 35.0, 48.0, 29.0, 30.0, 40.0, 25.0, 8.0, 58.0, 85.0, 44.0, 75.0, 19.0, 68.0, 55.0, 18.0, 60.0, 42.0, 41.0, 71.0, 59.0, 42.0, 56.0, 46.0], [54.0, 0.0, 51.0, 77.0, 30.0, 21.0, 54.0, 25.0, 38.0, 31.0, 50.0, 50.0, 55.0, 35.0, 10.0, 18.0, 21.0, 31.0, 40.0, 72.0, 59.0, 16.0, 71.0, 50.0, 30.0, 29.0, 38.0, 27.0, 23.0, 65.0, 44.0, 42.0, 77.0, 62.0, 4.0, 36.0, 44.0, 22.0, 51.0, 16.0, 17.0, 37.0, 76.0, 52.0, 17.0, 65.0, 25.0, 39.0, 17.0, 21.0], [14.0, 51.0, 0.0, 37.0, 24.0, 48.0, 46.0, 45.0, 59.0, 22.0, 43.0, 19.0, 10.0, 41.0, 47.0, 63.0, 30.0, 31.0, 55.0, 24.0, 32.0, 40.0, 23.0, 61.0, 28.0, 72.0, 17.0, 40.0, 40.0, 18.0, 17.0, 27.0, 36.0, 18.0, 55.0, 78.0, 31.0, 72.0, 31.0, 63.0, 48.0, 17.0, 47.0, 52.0, 42.0, 57.0, 50.0, 30.0, 57.0, 49.0], [49.0, 77.0, 37.0, 0.0, 58.0, 64.0, 83.0, 59.0, 95.0, 47.0, 38.0, 27.0, 44.0, 77.0, 69.0, 92.0, 58.0, 67.0, 59.0, 19.0, 67.0, 72.0, 45.0, 58.0, 47.0, 87.0, 40.0, 74.0, 56.0, 20.0, 33.0, 36.0, 62.0, 49.0, 79.0, 91.0, 36.0, 97.0, 68.0, 83.0, 66.0, 52.0, 17.0, 89.0, 73.0, 42.0, 63.0, 39.0, 88.0, 81.0], [24.0, 30.0, 24.0, 58.0, 0.0, 36.0, 34.0, 36.0, 37.0, 15.0, 48.0, 33.0, 25.0, 20.0, 30.0, 39.0, 11.0, 10.0, 50.0, 48.0, 31.0, 17.0, 41.0, 59.0, 22.0, 56.0, 20.0, 16.0, 30.0, 41.0, 27.0, 32.0, 48.0, 32.0, 34.0, 63.0, 36.0, 51.0, 25.0, 45.0, 34.0, 7.0, 63.0, 37.0, 18.0, 64.0, 39.0, 32.0, 33.0, 24.0], [57.0, 21.0, 48.0, 64.0, 36.0, 0.0, 68.0, 6.0, 58.0, 27.0, 32.0, 40.0, 56.0, 50.0, 11.0, 39.0, 25.0, 42.0, 18.0, 64.0, 67.0, 32.0, 71.0, 29.0, 21.0, 24.0, 32.0, 42.0, 9.0, 58.0, 36.0, 29.0, 82.0, 64.0, 22.0, 29.0, 28.0, 35.0, 61.0, 19.0, 4.0, 40.0, 59.0, 69.0, 33.0, 45.0, 4.0, 25.0, 38.0, 40.0], [34.0, 54.0, 46.0, 83.0, 34.0, 68.0, 0.0, 68.0, 28.0, 48.0, 81.0, 62.0, 39.0, 19.0, 59.0, 51.0, 43.0, 25.0, 83.0, 67.0, 19.0, 38.0, 47.0, 93.0, 56.0, 83.0, 51.0, 26.0, 62.0, 63.0, 57.0, 64.0, 40.0, 37.0, 57.0, 89.0, 69.0, 68.0, 15.0, 70.0, 64.0, 35.0, 92.0, 8.0, 36.0, 97.0, 71.0, 65.0, 44.0, 35.0], [54.0, 25.0, 45.0, 59.0, 36.0, 6.0, 68.0, 0.0, 60.0, 25.0, 26.0, 35.0, 53.0, 51.0, 15.0, 43.0, 25.0, 43.0, 16.0, 59.0, 66.0, 33.0, 68.0, 26.0, 17.0, 29.0, 28.0, 44.0, 6.0, 53.0, 31.0, 24.0, 79.0, 61.0, 26.0, 34.0, 23.0, 41.0, 60.0, 25.0, 9.0, 38.0, 54.0, 70.0, 35.0, 40.0, 5.0, 20.0, 42.0, 42.0], [53.0, 38.0, 59.0, 95.0, 37.0, 58.0, 28.0, 60.0, 0.0, 50.0, 81.0, 70.0, 56.0, 19.0, 47.0, 27.0, 40.0, 28.0, 76.0, 83.0, 45.0, 27.0, 69.0, 86.0, 55.0, 65.0, 56.0, 21.0, 56.0, 77.0, 64.0, 67.0, 67.0, 59.0, 40.0, 72.0, 71.0, 45.0, 37.0, 52.0, 53.0, 43.0, 100.0, 22.0, 25.0, 97.0, 61.0, 66.0, 23.0, 18.0], [30.0, 31.0, 22.0, 47.0, 15.0, 27.0, 48.0, 25.0, 50.0, 0.0, 33.0, 21.0, 28.0, 35.0, 26.0, 45.0, 11.0, 24.0, 38.0, 41.0, 43.0, 24.0, 44.0, 46.0, 8.0, 51.0, 7.0, 30.0, 19.0, 34.0, 15.0, 17.0, 55.0, 37.0, 34.0, 56.0, 21.0, 52.0, 37.0, 41.0, 27.0, 14.0, 50.0, 52.0, 26.0, 49.0, 29.0, 17.0, 40.0, 35.0], [57.0, 50.0, 43.0, 38.0, 48.0, 32.0, 81.0, 26.0, 81.0, 33.0, 0.0, 25.0, 53.0, 68.0, 40.0, 68.0, 41.0, 58.0, 21.0, 47.0, 73.0, 54.0, 64.0, 20.0, 26.0, 51.0, 31.0, 62.0, 27.0, 42.0, 27.0, 18.0, 79.0, 62.0, 52.0, 54.0, 13.0, 67.0, 69.0, 51.0, 35.0, 47.0, 29.0, 85.0, 56.0, 16.0, 29.0, 16.0, 66.0, 64.0], [33.0, 50.0, 19.0, 27.0, 33.0, 40.0, 62.0, 35.0, 70.0, 21.0, 25.0, 0.0, 29.0, 53.0, 43.0, 66.0, 32.0, 42.0, 41.0, 25.0, 51.0, 45.0, 39.0, 45.0, 20.0, 64.0, 14.0, 49.0, 32.0, 18.0, 6.0, 12.0, 54.0, 37.0, 53.0, 69.0, 15.0, 71.0, 48.0, 58.0, 41.0, 28.0, 31.0, 68.0, 47.0, 38.0, 40.0, 15.0, 61.0, 55.0], [5.0, 55.0, 10.0, 44.0, 25.0, 56.0, 39.0, 53.0, 56.0, 28.0, 53.0, 29.0, 0.0, 37.0, 53.0, 64.0, 34.0, 30.0, 64.0, 28.0, 23.0, 42.0, 16.0, 70.0, 35.0, 78.0, 25.0, 38.0, 47.0, 24.0, 27.0, 37.0, 27.0, 9.0, 58.0, 84.0, 41.0, 76.0, 23.0, 68.0, 55.0, 18.0, 56.0, 46.0, 42.0, 67.0, 57.0, 39.0, 58.0, 48.0], [34.0, 35.0, 41.0, 77.0, 20.0, 50.0, 19.0, 51.0, 19.0, 35.0, 68.0, 53.0, 37.0, 0.0, 41.0, 34.0, 27.0, 11.0, 67.0, 64.0, 29.0, 19.0, 51.0, 77.0, 42.0, 64.0, 40.0, 8.0, 46.0, 59.0, 47.0, 52.0, 50.0, 40.0, 38.0, 71.0, 56.0, 50.0, 21.0, 51.0, 47.0, 25.0, 83.0, 18.0, 18.0, 84.0, 53.0, 52.0, 27.0, 17.0], [53.0, 10.0, 47.0, 69.0, 30.0, 11.0, 59.0, 15.0, 47.0, 26.0, 40.0, 43.0, 53.0, 41.0, 0.0, 28.0, 19.0, 35.0, 29.0, 66.0, 61.0, 22.0, 69.0, 40.0, 23.0, 26.0, 32.0, 33.0, 13.0, 59.0, 38.0, 33.0, 78.0, 61.0, 12.0, 32.0, 35.0, 28.0, 54.0, 15.0, 7.0, 36.0, 67.0, 59.0, 23.0, 55.0, 15.0, 31.0, 27.0, 29.0], [62.0, 18.0, 63.0, 92.0, 39.0, 39.0, 51.0, 43.0, 27.0, 45.0, 68.0, 66.0, 64.0, 34.0, 28.0, 0.0, 34.0, 36.0, 57.0, 85.0, 62.0, 23.0, 80.0, 68.0, 46.0, 39.0, 52.0, 28.0, 41.0, 79.0, 60.0, 58.0, 83.0, 70.0, 17.0, 45.0, 61.0, 18.0, 54.0, 27.0, 34.0, 46.0, 93.0, 47.0, 22.0, 83.0, 42.0, 56.0, 7.0, 17.0], [34.0, 21.0, 30.0, 58.0, 11.0, 25.0, 43.0, 25.0, 40.0, 11.0, 41.0, 32.0, 34.0, 27.0, 19.0, 34.0, 0.0, 18.0, 40.0, 51.0, 42.0, 14.0, 50.0, 49.0, 15.0, 45.0, 18.0, 21.0, 19.0, 44.0, 26.0, 27.0, 58.0, 42.0, 25.0, 52.0, 30.0, 43.0, 36.0, 34.0, 23.0, 16.0, 60.0, 46.0, 16.0, 57.0, 28.0, 26.0, 30.0, 24.0], [27.0, 31.0, 31.0, 67.0, 10.0, 42.0, 25.0, 43.0, 28.0, 24.0, 58.0, 42.0, 30.0, 11.0, 35.0, 36.0, 18.0, 0.0, 58.0, 55.0, 28.0, 15.0, 44.0, 68.0, 31.0, 60.0, 29.0, 8.0, 37.0, 49.0, 37.0, 41.0, 48.0, 34.0, 35.0, 66.0, 46.0, 50.0, 20.0, 47.0, 39.0, 15.0, 73.0, 28.0, 15.0, 74.0, 46.0, 41.0, 29.0, 19.0], [66.0, 40.0, 55.0, 59.0, 50.0, 18.0, 83.0, 16.0, 76.0, 38.0, 21.0, 41.0, 64.0, 67.0, 29.0, 57.0, 40.0, 58.0, 0.0, 65.0, 80.0, 49.0, 78.0, 11.0, 30.0, 31.0, 39.0, 60.0, 21.0, 59.0, 39.0, 30.0, 91.0, 73.0, 40.0, 33.0, 26.0, 51.0, 75.0, 34.0, 23.0, 52.0, 50.0, 85.0, 51.0, 30.0, 15.0, 26.0, 57.0, 58.0], [33.0, 72.0, 24.0, 19.0, 48.0, 64.0, 67.0, 59.0, 83.0, 41.0, 47.0, 25.0, 28.0, 64.0, 66.0, 85.0, 51.0, 55.0, 65.0, 0.0, 50.0, 63.0, 26.0, 67.0, 44.0, 89.0, 34.0, 63.0, 56.0, 7.0, 29.0, 36.0, 43.0, 31.0, 75.0, 93.0, 39.0, 93.0, 52.0, 81.0,