{"n_cities": 20, "seed": 42, "coords": [[37.454011884736246, 95.07143064099162], [73.1993941811405, 59.86584841970366], [15.601864044243651, 15.599452033620265], [5.8083612168199465, 86.61761457749351], [60.11150117432088, 70.80725777960456], [2.0584494295802447, 96.99098521619943], [83.24426408004217, 21.233911067827616], [18.182496720710063, 18.34045098534338], [30.42422429595377, 52.475643163223786], [43.194501864211574, 29.122914019804192], [61.18528947223795, 13.949386065204184], [29.214464853521815, 36.63618432936917], [45.606998421703594, 78.51759613930136], [19.967378215835975, 51.42344384136116], [59.24145688620425, 4.645041271999773], [60.75448519014384, 17.052412368729154], [6.505159298527952, 94.88855372533332], [96.56320330745594, 80.83973481164611], [30.46137691733707, 9.767211400638388], [68.42330265121569, 44.01524937396013]], "distances": [[0.0, 50.17, 82.42, 32.76, 33.2, 35.45, 86.88, 79.11, 43.17, 66.2, 84.52, 59.01, 18.45, 47.02, 93.01, 81.42, 30.95, 60.8, 85.59, 59.71], [50.17, 0.0, 72.64, 72.51, 17.06, 80.25, 39.92, 68.93, 43.41, 42.96, 47.46, 49.74, 33.31, 53.9, 56.96, 44.59, 75.33, 31.4, 65.85, 16.55], [82.42, 72.64, 0.0, 71.69, 70.92, 82.51, 67.88, 3.76, 39.74, 30.73, 45.61, 25.06, 69.71, 36.09, 44.99, 45.18, 79.81, 103.98, 15.96, 59.98], [32.76, 72.51, 71.69, 0.0, 56.56, 11.03, 101.35, 69.39, 42.09, 68.58, 91.36, 55.19, 40.61, 37.94, 97.85, 88.65, 8.3, 90.94, 80.71, 75.73], [33.2, 17.06, 70.92, 56.56, 0.0, 63.68, 54.71, 67.16, 34.89, 44.99, 56.87, 46.07, 16.43, 44.58, 66.17, 53.76, 58.77, 37.81, 67.86, 28.05], [35.45, 80.25, 82.51, 11.03, 63.68, 0.0, 111.04, 80.29, 52.78, 79.36, 101.94, 66.18, 47.3, 48.96, 108.62, 99.17, 4.92, 95.87, 91.73, 84.92], [86.88, 39.92, 67.88, 101.35, 54.71, 111.04, 0.0, 65.13, 61.37, 40.82, 23.23, 56.18, 68.54, 70.11, 29.18, 22.88, 106.37, 61.08, 54.01, 27.18], [79.11, 68.93, 3.76, 69.39, 67.16, 80.29, 65.13, 0.0, 36.26, 27.24, 43.23, 21.36, 66.13, 33.13, 43.28, 42.59, 77.43, 100.25, 14.98, 56.42], [43.17, 43.41, 39.74, 42.09, 34.89, 52.78, 61.37, 36.26, 0.0, 26.62, 49.3, 15.89, 30.14, 10.51, 55.84, 46.63, 48.69, 71.96, 42.71, 38.93], [66.2, 42.96, 30.73, 68.58, 44.99, 79.36, 40.82, 27.24, 26.62, 0.0, 23.54, 15.87, 49.45, 32.2, 29.27, 21.31, 75.31, 74.32, 23.17, 29.3], [84.52, 47.46, 45.61, 91.36, 56.87, 101.94, 23.23, 43.23, 49.3, 23.54, 0.0, 39.2, 66.42, 55.71, 9.51, 3.13, 97.68, 75.67, 31.01, 30.92], [59.01, 49.74, 25.06, 55.19, 46.07, 66.18, 56.18, 21.36, 15.89, 15.87, 39.2, 0.0, 44.98, 17.44, 43.88, 37.13, 62.52, 80.56, 26.9, 39.9], [18.45, 33.31, 69.71, 40.61, 16.43, 47.3, 68.54, 66.13, 30.14, 49.45, 66.42, 44.98, 0.0, 37.3, 75.12, 63.3, 42.39, 51.01, 70.4, 41.36], [47.02, 53.9, 36.09, 37.94, 44.58, 48.96, 70.11, 33.13, 10.51, 32.2, 55.71, 17.44, 37.3, 0.0, 61.08, 53.34, 45.5, 82.05, 42.96, 49.02], [93.01, 56.96, 44.99, 97.85, 66.17, 108.62, 29.18, 43.28, 55.84, 29.27, 9.51, 43.88, 75.12, 61.08, 0.0, 12.5, 104.52, 84.84, 29.23, 40.43], [81.42, 44.59, 45.18, 88.65, 53.76, 99.17, 22.88, 42.59, 46.63, 21.31, 3.13, 37.13, 63.3, 53.34, 12.5, 0.0, 94.88, 73.15, 31.16, 28.03], [30.95, 75.33, 79.81, 8.3, 58.77, 4.92, 106.37, 77.43, 48.69, 75.31, 97.68, 62.52, 42.39, 45.5, 104.52, 94.88, 0.0, 91.15, 88.43, 80.14], [60.8, 31.4, 103.98, 90.94, 37.81, 95.87, 61.08, 100.25, 71.96, 74.32, 75.67, 80.56, 51.01, 82.05, 84.84, 73.15, 91.15, 0.0, 97.06, 46.35], [85.59, 65.85, 15.96, 80.71, 67.86, 91.73, 54.01, 14.98, 42.71, 23.17, 31.01, 26.9, 70.4, 42.96, 29.23, 31.16, 88.43, 97.06, 0.0, 51.13], [59.71, 16.55, 59.98, 75.73, 28.05, 84.92, 27.18, 56.42, 38.93, 29.3, 30.92, 39.9, 41.36, 49.02, 40.43, 28.03, 80.14, 46.35, 51.13, 0.0]]}