{"n_cities": 20, "seed": 42, "coords": [[37.454011884736246, 95.07143064099162], [73.1993941811405, 59.86584841970366], [15.601864044243651, 15.599452033620265], [5.8083612168199465, 86.61761457749351], [60.11150117432088, 70.80725777960456], [2.0584494295802447, 96.99098521619943], [83.24426408004217, 21.233911067827616], [18.182496720710063, 18.34045098534338], [30.42422429595377, 52.475643163223786], [43.194501864211574, 29.122914019804192], [61.18528947223795, 13.949386065204184], [29.214464853521815, 36.63618432936917], [45.606998421703594, 78.51759613930136], [19.967378215835975, 51.42344384136116], [59.24145688620425, 4.645041271999773], [60.75448519014384, 17.052412368729154], [6.505159298527952, 94.88855372533332], [96.56320330745594, 80.83973481164611], [30.46137691733707, 9.767211400638388], [68.42330265121569, 44.01524937396013]], "distances": [[0.0, 50.0, 82.0, 33.0, 33.0, 35.0, 87.0, 79.0, 43.0, 66.0, 85.0, 59.0, 18.0, 47.0, 93.0, 81.0, 31.0, 61.0, 86.0, 60.0], [50.0, 0.0, 73.0, 73.0, 17.0, 80.0, 40.0, 69.0, 43.0, 43.0, 47.0, 50.0, 33.0, 54.0, 57.0, 45.0, 75.0, 31.0, 66.0, 17.0], [82.0, 73.0, 0.0, 72.0, 71.0, 83.0, 68.0, 4.0, 40.0, 31.0, 46.0, 25.0, 70.0, 36.0, 45.0, 45.0, 80.0, 104.0, 16.0, 60.0], [33.0, 73.0, 72.0, 0.0, 57.0, 11.0, 101.0, 69.0, 42.0, 69.0, 91.0, 55.0, 41.0, 38.0, 98.0, 89.0, 8.0, 91.0, 81.0, 76.0], [33.0, 17.0, 71.0, 57.0, 0.0, 64.0, 55.0, 67.0, 35.0, 45.0, 57.0, 46.0, 16.0, 45.0, 66.0, 54.0, 59.0, 38.0, 68.0, 28.0], [35.0, 80.0, 83.0, 11.0, 64.0, 0.0, 111.0, 80.0, 53.0, 79.0, 102.0, 66.0, 47.0, 49.0, 109.0, 99.0, 5.0, 96.0, 92.0, 85.0], [87.0, 40.0, 68.0, 101.0, 55.0, 111.0, 0.0, 65.0, 61.0, 41.0, 23.0, 56.0, 69.0, 70.0, 29.0, 23.0, 106.0, 61.0, 54.0, 27.0], [79.0, 69.0, 4.0, 69.0, 67.0, 80.0, 65.0, 0.0, 36.0, 27.0, 43.0, 21.0, 66.0, 33.0, 43.0, 43.0, 77.0, 100.0, 15.0, 56.0], [43.0, 43.0, 40.0, 42.0, 35.0, 53.0, 61.0, 36.0, 0.0, 27.0, 49.0, 16.0, 30.0, 11.0, 56.0, 47.0, 49.0, 72.0, 43.0, 39.0], [66.0, 43.0, 31.0, 69.0, 45.0, 79.0, 41.0, 27.0, 27.0, 0.0, 24.0, 16.0, 49.0, 32.0, 29.0, 21.0, 75.0, 74.0, 23.0, 29.0], [85.0, 47.0, 46.0, 91.0, 57.0, 102.0, 23.0, 43.0, 49.0, 24.0, 0.0, 39.0, 66.0, 56.0, 10.0, 3.0, 98.0, 76.0, 31.0, 31.0], [59.0, 50.0, 25.0, 55.0, 46.0, 66.0, 56.0, 21.0, 16.0, 16.0, 39.0, 0.0, 45.0, 17.0, 44.0, 37.0, 63.0, 81.0, 27.0, 40.0], [18.0, 33.0, 70.0, 41.0, 16.0, 47.0, 69.0, 66.0, 30.0, 49.0, 66.0, 45.0, 0.0, 37.0, 75.0, 63.0, 42.0, 51.0, 70.0, 41.0], [47.0, 54.0, 36.0, 38.0, 45.0, 49.0, 70.0, 33.0, 11.0, 32.0, 56.0, 17.0, 37.0, 0.0, 61.0, 53.0, 46.0, 82.0, 43.0, 49.0], [93.0, 57.0, 45.0, 98.0, 66.0, 109.0, 29.0, 43.0, 56.0, 29.0, 10.0, 44.0, 75.0, 61.0, 0.0, 12.0, 105.0, 85.0, 29.0, 40.0], [81.0, 45.0, 45.0, 89.0, 54.0, 99.0, 23.0, 43.0, 47.0, 21.0, 3.0, 37.0, 63.0, 53.0, 12.0, 0.0, 95.0, 73.0, 31.0, 28.0], [31.0, 75.0, 80.0, 8.0, 59.0, 5.0, 106.0, 77.0, 49.0, 75.0, 98.0, 63.0, 42.0, 46.0, 105.0, 95.0, 0.0, 91.0, 88.0, 80.0], [61.0, 31.0, 104.0, 91.0, 38.0, 96.0, 61.0, 100.0, 72.0, 74.0, 76.0, 81.0, 51.0, 82.0, 85.0, 73.0, 91.0, 0.0, 97.0, 46.0], [86.0, 66.0, 16.0, 81.0, 68.0, 92.0, 54.0, 15.0, 43.0, 23.0, 31.0, 27.0, 70.0, 43.0, 29.0, 31.0, 88.0, 97.0, 0.0, 51.0], [60.0, 17.0, 60.0, 76.0, 28.0, 85.0, 27.0, 56.0, 39.0, 29.0, 31.0, 40.0, 41.0, 49.0, 40.0, 28.0, 80.0, 46.0, 51.0, 0.0]]}