{"n_cities": 50, "seed": 123, "coords": [[69.64691855978616, 28.613933495037948], [22.68514535642031, 55.13147690828912], [71.94689697855631, 42.3106460124461], [98.07641983846155, 68.48297385848633], [48.09319014843609, 39.211751819415056], [34.31780161508694, 72.90497073840416], [43.85722446796244, 5.967789660956835], [39.804425533043144, 73.79954057320357], [18.24917304535, 17.545175614749255], [53.15513738418384, 53.18275870968661], [63.44009585513211, 84.94317940777896], [72.44553248606353, 61.102351067758285], [72.24433825702215, 32.29589138531782], [36.17886556223141, 22.82632308789556], [29.371404638882936, 63.09761238544878], [9.210493994507518, 43.37011726795282], [43.08627633296438, 49.36850976503062], [42.5830290295828, 31.226122297246526], [42.63513069628082, 89.33891631171348], [94.41600182038796, 50.18366758843366], [62.39529517921112, 11.561839507929573], [31.72854818203209, 41.48262119536318], [86.6309157883366, 25.04553653965067], [48.303426426270434, 98.5559785610705], [51.94851192598093, 61.28945257629677], [12.062866599032374, 82.63408005068332], [60.30601284109274, 54.50680064664649], [34.27638337743084, 30.41207890271841], [41.70222110247016, 68.13007657927966], [87.5456841795175, 51.04223374780111], [66.93137829622722, 58.59365525622129], [62.490350209559985, 67.46890509878249], [84.23424376202573, 8.319498833243877], [76.36828414433381, 24.3666374536874], [19.422296057877087, 57.24569574914731], [9.571251661238712, 88.53268262751396], [62.72489720512687, 72.34163581899547], [1.612920669501683, 59.44318794450425], [55.67851923942887, 15.895964414472274], [15.30705151247731, 69.55295287709109], [31.876642638187636, 69.19702955318196], [55.438324971777206, 38.89505741231446], [92.5132489613986, 84.16699969127163], [35.739756668317625, 4.359146379904056], [30.476807341109748, 39.8185681917981], [70.49588304513622, 99.53584820340174], [35.59148657174595, 76.25478137854338], [59.31769165622212, 69.1701798700177], [15.112745234808022, 39.887629272615655], [24.085589772362447, 34.34560140483249]], "distances": [[0.0, 53.93, 13.89, 48.97, 24.02, 56.66, 34.32, 54.15, 52.58, 29.59, 56.67, 32.61, 4.51, 33.96, 53.02, 62.21, 33.71, 27.19, 66.46, 32.84, 18.53, 40.04, 17.35, 73.13, 37.16, 78.96, 27.53, 35.42, 48.4, 28.69, 30.1, 39.51, 24.99, 7.95, 57.81, 84.85, 44.27, 74.69, 18.89, 68.04, 55.44, 17.54, 60.08, 41.69, 40.74, 70.93, 58.56, 41.85, 55.69, 45.92], [53.93, 0.0, 50.9, 76.56, 29.98, 21.24, 53.53, 25.33, 37.85, 30.53, 50.49, 50.12, 54.57, 35.01, 10.4, 17.89, 21.2, 31.1, 39.6, 71.9, 58.95, 16.37, 70.67, 50.42, 29.9, 29.48, 37.63, 27.3, 23.04, 64.99, 44.38, 41.67, 77.33, 61.87, 3.89, 35.88, 43.58, 21.51, 51.26, 16.2, 16.8, 36.56, 75.62, 52.42, 17.18, 65.25, 24.75, 39.23, 17.02, 20.83], [13.89, 50.9, 0.0, 36.98, 24.05, 48.5, 45.93, 45.0, 59.13, 21.71, 43.47, 18.8, 10.02, 40.73, 47.38, 62.75, 29.71, 31.39, 55.42, 23.81, 32.2, 40.23, 22.67, 61.01, 27.57, 72.19, 16.86, 39.5, 39.77, 17.88, 17.04, 26.88, 36.14, 18.48, 54.61, 77.64, 31.42, 72.39, 31.02, 62.85, 48.25, 16.86, 46.64, 52.45, 41.54, 57.24, 49.74, 29.68, 56.89, 48.52], [48.97, 76.56, 36.98, 0.0, 57.92, 63.91, 82.75, 58.51, 94.69, 47.46, 38.35, 26.67, 44.46, 76.91, 68.92, 92.35, 58.22, 66.84, 59.23, 18.66, 67.18, 71.63, 44.92, 58.15, 46.69, 87.17, 40.27, 74.3, 56.38, 20.37, 32.68, 35.6, 61.74, 49.17, 79.45, 90.75, 35.56, 96.89, 67.55, 82.78, 66.2, 51.9, 16.64, 89.43, 73.43, 41.53, 62.97, 38.76, 87.75, 81.49], [24.02, 29.98, 24.05, 57.92, 0.0, 36.4, 33.51, 35.57, 36.88, 14.86, 48.24, 32.74, 25.12, 20.26, 30.35, 39.1, 11.32, 9.7, 50.42, 47.6, 31.13, 16.52, 41.06, 59.34, 22.41, 56.42, 19.57, 16.38, 29.62, 41.19, 27.03, 31.71, 47.54, 31.94, 33.87, 62.58, 36.22, 50.69, 24.52, 44.67, 34.09, 7.35, 63.2, 36.98, 17.63, 64.35, 39.1, 31.99, 32.99, 24.5], [56.66, 21.24, 48.5, 63.91, 36.4, 0.0, 67.61, 5.56, 57.64, 27.27, 31.51, 39.91, 55.57, 50.11, 10.98, 38.76, 25.12, 42.49, 18.42, 64.25, 67.46, 31.53, 70.9, 29.22, 21.11, 24.29, 31.84, 42.49, 8.79, 57.54, 35.62, 28.69, 81.63, 64.22, 21.61, 29.27, 28.41, 35.37, 60.88, 19.3, 4.44, 40.03, 59.28, 68.56, 33.31, 44.92, 3.58, 25.28, 38.2, 39.89], [34.32, 53.53, 45.93, 82.75, 33.51, 67.61, 0.0, 67.95, 28.1, 48.12, 81.37, 62.11, 38.72, 18.52, 58.94, 50.98, 43.41, 25.29, 83.38, 67.17, 19.36, 37.53, 46.84, 92.69, 55.91, 83.0, 51.25, 26.25, 62.2, 62.77, 57.46, 64.26, 40.45, 37.36, 56.8, 89.4, 69.0, 68.15, 15.44, 69.7, 64.35, 34.9, 92.1, 8.28, 36.4, 97.29, 70.77, 65.07, 44.46, 34.59], [54.15, 25.33, 45.0, 58.51, 35.57, 5.56, 67.95, 0.0, 60.24, 24.56, 26.13, 35.02, 52.68, 51.1, 14.95, 43.15, 24.65, 42.66, 15.8, 59.5, 66.21, 33.31, 67.6, 26.17, 17.44, 29.11, 28.15, 43.74, 5.98, 52.89, 31.1, 23.55, 79.13, 61.49, 26.26, 33.63, 22.97, 40.8, 60.04, 24.86, 9.17, 38.25, 53.72, 69.56, 35.24, 40.05, 4.88, 20.05, 41.95, 42.47], [52.58, 37.85, 59.13, 94.69, 36.88, 57.64, 28.1, 60.24, 0.0, 49.88, 81.15, 69.53, 55.97, 18.69, 46.89, 27.36, 40.37, 27.92, 75.82, 82.87, 44.55, 27.47, 68.79, 86.41, 55.22, 65.38, 55.99, 20.55, 55.76, 76.97, 63.68, 66.71, 66.63, 58.52, 39.72, 71.52, 70.57, 45.08, 37.47, 52.09, 53.42, 42.88, 99.77, 21.9, 25.41, 97.22, 61.22, 65.97, 22.56, 17.79], [29.59, 30.53, 21.71, 47.46, 14.86, 27.27, 48.12, 24.56, 49.88, 0.0, 33.38, 20.85, 28.3, 34.78, 25.77, 45.03, 10.77, 24.37, 37.66, 41.37, 42.63, 24.41, 43.73, 45.63, 8.2, 50.56, 7.27, 29.58, 18.83, 34.46, 14.8, 17.07, 54.58, 37.0, 33.98, 56.12, 21.42, 51.92, 37.37, 41.24, 26.63, 14.47, 50.09, 51.84, 26.32, 49.49, 29.0, 17.13, 40.3, 34.64], [56.67, 50.49, 43.47, 38.35, 48.24, 31.51, 81.37, 26.13, 81.15, 33.38, 0.0, 25.48, 53.38, 67.84, 40.47, 68.33, 40.99, 57.62, 21.26, 46.56, 73.39, 53.8, 64.23, 20.36, 26.3, 51.43, 30.6, 61.84, 27.48, 41.6, 26.58, 17.5, 79.4, 61.94, 52.01, 53.99, 12.62, 66.88, 69.48, 50.53, 35.27, 46.74, 29.08, 85.21, 55.88, 16.21, 29.17, 16.3, 66.07, 64.1], [32.61, 50.12, 18.8, 26.67, 32.74, 39.91, 62.11, 35.02, 69.53, 20.85, 25.48, 0.0, 28.81, 52.73, 43.12, 65.67, 31.62, 42.24, 41.06, 24.53, 50.55, 45.2, 38.75, 44.56, 20.5, 64.11, 13.82, 48.98, 31.54, 18.14, 6.06, 11.82, 54.08, 36.94, 53.16, 68.6, 14.86, 70.85, 48.22, 57.76, 41.37, 27.97, 30.57, 67.58, 47.06, 38.48, 39.85, 15.41, 61.13, 55.27], [4.51, 54.57, 10.02, 44.46, 25.12, 55.57, 38.72, 52.68, 55.97, 28.3, 53.38, 28.81, 0.0, 37.29, 52.79, 64.0, 33.79, 29.68, 64.27, 28.49, 22.95, 41.54, 16.11, 70.45, 35.39, 78.46, 25.22, 38.01, 47.08, 24.2, 26.83, 36.5, 26.81, 8.94, 58.42, 84.21, 41.16, 75.67, 23.31, 68.04, 54.69, 18.06, 55.69, 45.97, 42.44, 67.26, 57.23, 39.07, 57.63, 48.2], [33.96, 35.01, 40.73, 76.91, 20.26, 50.11, 18.52, 51.1, 18.69, 34.78, 67.84, 52.73, 37.29, 0.0, 40.84, 33.9, 27.43, 10.56, 66.83, 64.34, 28.53, 19.18, 50.5, 76.69, 41.57, 64.49, 39.82, 7.82, 45.64, 58.61, 47.17, 51.82, 50.2, 40.22, 38.28, 70.89, 56.18, 50.35, 20.69, 51.18, 46.57, 25.08, 83.28, 18.47, 17.92, 84.04, 53.43, 51.8, 27.11, 16.7], [53.02, 10.4, 47.38, 68.92, 30.35, 10.98, 58.94, 14.95, 46.89, 25.77, 40.47, 43.12, 52.79, 40.84, 0.0, 28.21, 19.41, 34.5, 29.4, 66.31, 61.21, 21.74, 68.75, 40.2, 22.65, 26.1, 32.11, 33.05, 13.32, 59.41, 37.83, 33.41, 77.53, 60.9, 11.54, 32.23, 34.61, 28.0, 54.04, 15.48, 6.59, 35.57, 66.56, 59.08, 23.31, 54.95, 14.55, 30.56, 27.24, 29.23], [62.21, 17.89, 62.75, 92.35, 39.1, 38.76, 50.98, 43.15, 27.36, 45.03, 68.33, 65.67, 64.0, 33.9, 28.21, 0.0, 34.4, 35.51, 56.84, 85.48, 61.97, 22.6, 79.56, 67.63, 46.34, 39.37, 52.3, 28.22, 40.85, 78.71, 59.69, 58.48, 82.81, 69.79, 17.23, 45.16, 60.85, 17.78, 53.98, 26.88, 34.36, 46.44, 92.76, 47.18, 21.56, 83.13, 42.16, 56.36, 6.85, 17.4], [33.71, 21.2, 29.71, 58.22, 11.32, 25.12, 43.41, 24.65, 40.37, 10.77, 40.99, 31.62, 33.79, 27.43, 19.41, 34.4, 0.0, 18.15, 39.97, 51.34, 42.45, 13.83, 49.88, 49.46, 14.85, 45.49, 17.97, 20.9, 18.81, 44.49, 25.57, 26.54, 58.12, 41.63, 24.94, 51.55, 30.22, 42.68, 35.76, 34.34, 22.78, 16.19, 60.45, 45.6, 15.82, 57.17, 27.91, 25.6, 29.54, 24.22], [27.19, 31.1, 31.39, 66.84, 9.7, 42.49, 25.29, 42.66, 27.92, 24.37, 57.62, 42.24, 29.68, 10.56, 34.5, 35.51, 