{
  "HC-Best-Swap": {
    "algorithm": "HC-Best-Swap",
    "params": {
      "mode": "best",
      "max_evals": 15000,
      "neighborhood": "swap"
    },
    "n_runs": 15,
    "costs": [
      3029.299999999999,
      3208.7400000000002,
      3246.93,
      3383.710000000002,
      3404.320000000001,
      3358.5400000000022,
      3245.1899999999996,
      3387.4599999999987,
      3443.71,
      3534.4700000000003,
      3166.639999999999,
      3503.3500000000004,
      3218.8600000000006,
      3138.4300000000003,
      3242.129999999999
    ],
    "times": [
      0.3850867748260498,
      0.40839171409606934,
      0.3740668296813965,
      0.40895962715148926,
      0.3613402843475342,
      0.37885403633117676,
      0.3666675090789795,
      0.37195372581481934,
      0.46832847595214844,
      0.3692502975463867,
      0.39993906021118164,
      0.36673903465270996,
      0.3553452491760254,
      0.37280964851379395,
      0.4086878299713135
    ],
    "best_cost": 3029.299999999999,
    "worst_cost": 3534.4700000000003,
    "mean_cost": 3300.7853333333333,
    "std_cost": 138.3682900988843,
    "median_cost": 3246.93,
    "mean_time": 0.38642800649007164,
    "std_time": 0.027870508721743965,
    "best_solution": [
      14,
      58,
      34,
      17,
      67,
      36,
      38,
      6,
      51,
      46,
      27,
      33,
      1,
      43,
      66,
      59,
      32,
      12,
      68,
      31,
      3,
      75,
      4,
      72,
      5,
      74,
      54,
      24,
      18,
      23,
      29,
      41,
      9,
      63,
      73,
      61,
      64,
      2,
      48,
      7,
      55,
      26,
      56,
      0,
      71,
      13,
      45,
      22,
      20,
      44,
      76,
      50,
      62,
      78,
      40,
      30,
      35,
      53,
      15,
      21,
      25,
      39,
      79,
      69,
      28,
      16,
      19,
      10,
      47,
      11,
      42,
      57,
      70,
      52,
      49,
      77,
      60,
      8,
      37,
      65
    ]
  },
  "HC-First-Swap": {
    "algorithm": "HC-First-Swap",
    "params": {
      "mode": "first",
      "max_evals": 15000,
      "neighborhood": "swap"
    },
    "n_runs": 15,
    "costs": [
      1521.03,
      2013.6800000000005,
      1661.1600000000008,
      1833.0599999999995,
      1859.41,
      1707.54,
      1997.44,
      2148.3500000000004,
      1973.42,
      2343.71,
      1973.81,
      1701.4700000000003,
      1457.9099999999999,
      2453.99,
      1927.2500000000002
    ],
    "times": [
      1.6901874542236328,
      1.4324533939361572,
      1.3232533931732178,
      1.485572099685669,
      1.2461214065551758,
      1.4481418132781982,
      1.2184867858886719,
      1.107147216796875,
      1.210010051727295,
      1.0640661716461182,
      1.3166391849517822,
      1.4387407302856445,
      1.4261503219604492,
      0.9803872108459473,
      1.0904090404510498
    ],
    "best_cost": 1457.9099999999999,
    "worst_cost": 2453.99,
    "mean_cost": 1904.8820000000003,
    "std_cost": 268.05375923994546,
    "median_cost": 1927.2500000000002,
    "mean_time": 1.2985177516937256,
    "std_time": 0.1859576731812773,
    "best_solution": [
      5,
      62,
      78,
      54,
      15,
      71,
      57,
      75,
      20,
      13,
      74,
      67,
      10,
      4,
      26,
      25,
      42,
      68,
      0,
      14,
      11,
      58,
      48,
      51,
      32,
      63,
      59,
      40,
      66,
      35,
      9,
      1,
      3,
      44,
      55,
      21,
      39,
      79,
      23,
      76,
      19,
      53,
      2,
      8,
      77,
      69,
      17,
      38,
      12,
      6,
      70,
      36,
      61,
      72,
      30,
      7,
      43,
      33,
      24,
      60,
      27,
      64,
      49,
      41,
      28,
      29,
      46,
      73,
      16,
      45,
      18,
      22,
      50,
      56,
      65,
      47,
      31,
      52,
      37,
      34
    ]
  },
  "Multi-Start-HC": {
    "algorithm": "Multi-Start-HC",
    "params": {
      "n_starts": 20,
      "hc_mode": "best",
      "max_evals": 15000,
      "neighborhood": "swap"
    },
    "n_runs": 15,
    "costs": [
      3265.3600000000024,
      3089.0600000000004,
      3244.1600000000003,
      3149.590000000001,
      3451.9199999999987,
      3238.3300000000004,
      3137.2000000000003,
      3336.51,
      3023.55,
      3269.2100000000005,
      3408.419999999999,
      3121.17,
      3438.16,
      2971.0800000000004,
      3160.029999999999
    ],
    "times": [
      0.4145810604095459,
      0.37755846977233887,
      0.36808228492736816,
      0.421267032623291,
      0.3796088695526123,
      0.42015790939331055,
      0.38306117057800293,
      0.3608064651489258,
      0.371565580368042,
      0.3507704734802246,
      0.3626523017883301,
      0.35491514205932617,
      0.4148731231689453,
      0.36499500274658203,
      0.3736765384674072
    ],
    "best_cost": 2971.0800000000004,
    "worst_cost": 3451.9199999999987,
    "mean_cost": 3220.25,
    "std_cost": 141.12204873796273,
    "median_cost": 3238.3300000000004,
    "mean_time": 0.38123809496561684,
    "std_time": 0.0235957043621832,
    "best_solution": [
      46,
      63,
      5,
      31,
      77,
      60,
      22,
      74,
      20,
      78,
      47,
      38,
      37,
      36,
      58,
      3,
      57,
      55,
      15,
      76,
      33,
      44,
      12,
      42,
      75,
      25,
      21,
      45,
      51,
      52,
      79,
      53,
      8,
      9,
      66,
      1,
      39,
      16,
      24,
      71,
      62,
      54,
      50,
      28,
      29,
      61,
      19,
      23,
      56,
      65,
      4,
      72,
      0,
      73,
      59,
      49,
      67,
      13,
      27,
      7,
      41,
      48,
      64,
      70,
      10,
      30,
      34,
      68,
      14,
      35,
      2,
      18,
      26,
      17,
      11,
      32,
      6,
      40,
      69,
      43
    ]
  },
  "Simulated-Annealing": {
    "algorithm": "Simulated-Annealing",
    "params": {
      "T0": 100,
      "alpha": 0.95,
      "Tmin": 0.01,
      "max_evals": 15000,
      "neighborhood": "swap",
      "palier": 100
    },
    "n_runs": 15,
    "costs": [
      1479.0400000000004,
      1468.2599999999993,
      1410.9699999999998,
      1458.0999999999997,
      1512.7,
      1338.1599999999996,
      1262.66,
      1532.5900000000001,
      1310.7100000000003,
      1263.9800000000002,
      1437.4199999999998,
      1490.4599999999994,
      1405.2700000000002,
      1511.0699999999997,
      1356.5399999999995
    ],
    "times": [
      0.22693443298339844,
      0.19817638397216797,
      0.20465993881225586,
      0.22177863121032715,
      0.18643712997436523,
      0.20540714263916016,
      0.18527460098266602,
      0.20562386512756348,
      0.2057957649230957,
      0.21686959266662598,
      0.20289349555969238,
      0.2142496109008789,
      0.20476388931274414,
      0.20246553421020508,
      0.21579909324645996
    ],
    "best_cost": 1262.66,
    "worst_cost": 1532.5900000000001,
    "mean_cost": 1415.862,
    "std_cost": 87.14241815939384,
    "median_cost": 1437.4199999999998,
    "mean_time": 0.2064752737681071,
    "std_time": 0.011152016260293936,