{
  "HC-Best-Swap": {
    "algorithm": "HC-Best-Swap",
    "params": {
      "mode": "best",
      "max_evals": 5000,
      "neighborhood": "swap"
    },
    "n_runs": 30,
    "costs": [
      467.18999999999994,
      502.0,
      440.71999999999997,
      501.09999999999997,
      449.2699999999999,
      472.14,
      446.77,
      487.37999999999994,
      507.40999999999997,
      386.43999999999994,
      517.25,
      469.84,
      429.46,
      462.92999999999995,
      473.29999999999995,
      462.43,
      428.35999999999996,
      386.43999999999994,
      477.65999999999997,
      465.56999999999994,
      497.44,
      446.77,
      444.59,
      473.45,
      485.67999999999995,
      462.12999999999994,
      473.06999999999994,
      543.29,
      551.8599999999999,
      386.44
    ],
    "times": [
      0.02370762825012207,
      0.014798641204833984,
      0.013701438903808594,
      0.016920089721679688,
      0.016909360885620117,
      0.01690077781677246,
      0.013755321502685547,
      0.01374506950378418,
      0.010567188262939453,
      0.01587390899658203,
      0.012657642364501953,
      0.012625932693481445,
      0.018850088119506836,
      0.014829874038696289,
      0.01396322250366211,
      0.023936748504638672,
      0.02194070816040039,
      0.022937536239624023,
      0.016954421997070312,
      0.015957355499267578,
      0.011968135833740234,
      0.01495981216430664,
      0.016954660415649414,
      0.013963937759399414,
      0.016953468322753906,
      0.019946813583374023,
      0.010970354080200195,
      0.013962745666503906,
      0.011967897415161133,
      0.019946813583374023
    ],
    "best_cost": 386.43999999999994,
    "worst_cost": 551.8599999999999,
    "mean_cost": 466.61266666666666,
    "std_cost": 39.27715917538956,
    "median_cost": 468.515,
    "mean_time": 0.01610425313313802,
    "std_time": 0.003613098192827164,
    "best_solution": [
      1,
      19,
      6,
      14,
      10,
      15,
      9,
      18,
      2,
      7,
      11,
      8,
      13,
      3,
      5,
      16,
      0,
      12,
      4,
      17
    ]
  },
  "HC-First-Swap": {
    "algorithm": "HC-First-Swap",
    "params": {
      "mode": "first",
      "max_evals": 5000,
      "neighborhood": "swap"
    },
    "n_runs": 30,
    "costs": [
      472.73999999999995,
      452.67999999999995,
      493.54999999999995,
      432.35,
      497.10999999999996,
      468.4,
      547.14,
      466.3,
      496.63999999999993,
      456.59999999999997,
      463.85,
      474.06,
      434.02000000000004,
      443.55999999999995,
      441.08,
      480.2,
      508.6,
      475.34,
      487.2699999999999,
      473.83000000000004,
      420.31999999999994,
      516.24,
      456.99,
      452.30999999999995,
      491.24999999999994,
      432.78,
      461.71,
      466.65999999999997,
      503.4799999999999,
      496.17999999999995
    ],
    "times": [
      0.010970115661621094,
      0.007978439331054688,
      0.011968374252319336,
      0.012964963912963867,
      0.0109710693359375,
      0.016956090927124023,
      0.016955852508544922,
      0.009970903396606445,
      0.012967586517333984,
      0.013964176177978516,
      0.009250164031982422,
      0.014705419540405273,
      0.018121719360351562,
      0.017174243927001953,
      0.008638381958007812,
      0.011610746383666992,
      0.011653900146484375,
      0.010668516159057617,
      0.011666297912597656,
      0.010692834854125977,
      0.009496688842773438,
      0.011720657348632812,
      0.013769149780273438,
      0.012886762619018555,
      0.009598970413208008,
      0.011742115020751953,
      0.009554386138916016,
      0.01388239860534668,
      0.008432149887084961,
      0.007791757583618164
    ],
    "best_cost": 420.31999999999994,
    "worst_cost": 547.14,
    "mean_cost": 472.108,
    "std_cost": 27.90972941466828,
    "median_cost": 470.56999999999994,
    "mean_time": 0.011957494417826335,
    "std_time": 0.002754114639788924,
    "best_solution": [
      14,
      6,
      19,
      1,
      17,
      4,
      3,
      5,
      16,
      0,
      12,
      8,
      13,
      11,
      7,
      2,
      18,
      9,
      15,
      10
    ]
  },
  "Multi-Start-HC": {
    "algorithm": "Multi-Start-HC",
    "params": {
      "n_starts": 20,
      "hc_mode": "best",
      "max_evals": 5000,
      "neighborhood": "swap"
    },
    "n_runs": 30,
    "costs": [
      738.8099999999998,
      707.4000000000001,
      623.49,
      684.3799999999999,
      688.54,
      675.9,
      705.53,
      663.3999999999999,
      676.0999999999999,
      721.28,
      715.5400000000001,
      774.5199999999999,
      690.83,
      682.47,
      695.3299999999999,
      665.9999999999999,
      698.7900000000001,
      606.8199999999998,
      690.9599999999999,
      681.2299999999999,
      668.26,
      670.1400000000001,
      672.6299999999999,
      665.47,
      656.8199999999999,
      664.93,
      713.92,
      663.4899999999999,
      670.3399999999999,
      649.14
    ],
    "times": [
      0.026979923248291016,
      0.02500009536743164,
      0.026520490646362305,
      0.026477813720703125,
      0.026043176651000977,
      0.025591611862182617,
      0.025475025177001953,
      0.02785968780517578,
      0.030741214752197266,
      0.03236198425292969,
      0.03232717514038086,
      0.0294644832611084,
      0.028596878051757812,
      0.027339696884155273,
      0.028884410858154297,
      0.026445627212524414,
      0.028554439544677734,
      0.02879190444946289,
      0.028939485549926758,
      0.027995586395263672,
      0.028801679611206055,
      0.028629064559936523,
      0.028989315032958984,
      0.028279542922973633,
      0.0285642147064209,
      0.02885270118713379,
      0.02855539321899414,
      0.02956223487854004,
      0.027858972549438477,
      0.028594017028808594
    ],
    "best_cost": 606.8199999999998,
    "worst_cost": 774.5199999999999,
    "mean_cost": 682.7486666666666,
    "std_cost": 31.752612567927216,
    "median_cost": 678.665,
    "mean_time": 0.028235928217569987,
    "std_time": 0.0017164044704411374,
    "best_solution": [
      7,
      2,
      18,
      11,
      9,
      6,
      15,
      14,
      10,
      12,
      3,
      5,
      0,
      16,
      13,
      17,
      4,
      1,
      19,
      8
    ]
  },
  "Simulated-Annealing": {
    "algorithm": "Simulated-Annealing",
    "params": {
      "T0": 100,
      "alpha": 0.95,
      "Tmin": 0.01,
      "max_evals": 5000,
      "neighborhood": "swap"
    },
    "n_runs": 30,
    "costs": [
      623.2800000000001,
      580.65,
      635.1699999999998,
      559.2699999999999,
      717.13,
      559.5799999999999,
      588.5,
      486.5799999999999,
      604.8899999999999,
      558.8299999999999,
      554.85,
      552.17,
      556.84,
      555.91,
      594.1800000000001,
      601.46,
      607.4899999999999,
      544.1699999999998,
      691.51,
      522.66,
      584.9000000000001,
      540.5,
      569.1799999999998,
      595.68,
      528.31,
      524.5,
      516.6399999999999,
      531.23,
      572.13,
      562.9499999999999
    ],