{
  "HC-Best-Swap": {
    "algorithm": "HC-Best-Swap",
    "params": {
      "mode": "best",
      "max_evals": 5000,
      "neighborhood": "swap"
    },
    "n_runs": 30,
    "costs": [
      466.0,
      502.0,
      441.0,
      505.0,
      449.0,
      386.0,
      447.0,
      487.0,
      506.0,
      386.0,
      516.0,
      466.0,
      447.0,
      462.0,
      472.0,
      495.0,
      428.0,
      386.0,
      491.0,
      515.0,
      498.0,
      447.0,
      479.0,
      474.0,
      487.0,
      463.0,
      473.0,
      543.0,
      551.0,
      473.0
    ],
    "times": [
      0.023529052734375,
      0.014937400817871094,
      0.014067649841308594,
      0.013848066329956055,
      0.015954971313476562,
      0.016161441802978516,
      0.014001607894897461,
      0.012842178344726562,
      0.009550809860229492,
      0.018203020095825195,
      0.011762380599975586,
      0.01268458366394043,
      0.01558828353881836,
      0.014540910720825195,
      0.015501737594604492,
      0.02073526382446289,
      0.021480560302734375,
      0.025231122970581055,
      0.014383792877197266,
      0.012191295623779297,
      0.013649463653564453,
      0.013931989669799805,
      0.014367818832397461,
      0.014785051345825195,
      0.017128705978393555,
      0.02048516273498535,
      0.010629892349243164,
      0.020383358001708984,
      0.013822555541992188,
      0.01691436767578125
    ],
    "best_cost": 386.0,
    "worst_cost": 551.0,
    "mean_cost": 471.3666666666667,
    "std_cost": 40.00540241295196,
    "median_cost": 473.0,
    "mean_time": 0.015776483217875163,
    "std_time": 0.003653170581655376,
    "best_solution": [
      13,
      3,
      5,
      16,
      0,
      12,
      4,
      17,
      1,
      19,
      6,
      14,
      10,
      15,
      9,
      18,
      2,
      7,
      11,
      8
    ]
  },
  "HC-First-Swap": {
    "algorithm": "HC-First-Swap",
    "params": {
      "mode": "first",
      "max_evals": 5000,
      "neighborhood": "swap"
    },
    "n_runs": 30,
    "costs": [
      472.0,
      466.0,
      493.0,
      432.0,
      496.0,
      470.0,
      547.0,
      471.0,
      453.0,
      386.0,
      494.0,
      424.0,
      434.0,
      464.0,
      441.0,
      517.0,
      508.0,
      476.0,
      487.0,
      444.0,
      386.0,
      501.0,
      457.0,
      488.0,
      492.0,
      501.0,
      462.0,
      486.0,
      504.0,
      445.0
    ],
    "times": [
      0.01096653938293457,
      0.01062464714050293,
      0.00973653793334961,
      0.014235496520996094,
      0.012567758560180664,
      0.01848149299621582,
      0.013047218322753906,
      0.017450571060180664,
      0.009181499481201172,
      0.015731096267700195,
      0.00997304916381836,
      0.007978439331054688,
      0.018949270248413086,
      0.015958070755004883,
      0.00897526741027832,
      0.01296544075012207,
      0.013963460922241211,
      0.00997304916381836,
      0.010970115661621094,
      0.01795196533203125,
      0.013962745666503906,
      0.014960050582885742,
      0.013962507247924805,
      0.009973287582397461,
      0.008976221084594727,
      0.007978439331054688,
      0.008977174758911133,
      0.010021448135375977,
      0.009114742279052734,
      0.009061574935913086
    ],
    "best_cost": 386.0,
    "worst_cost": 547.0,
    "mean_cost": 469.9,
    "std_cost": 35.36415322517045,
    "median_cost": 471.5,
    "mean_time": 0.01222230593363444,
    "std_time": 0.003272473158403483,
    "best_solution": [
      11,
      7,
      2,
      18,
      9,
      15,
      10,
      14,
      6,
      19,
      1,
      17,
      4,
      12,
      0,
      16,
      5,
      3,
      13,
      8
    ]
  },
  "Multi-Start-HC": {
    "algorithm": "Multi-Start-HC",
    "params": {
      "n_starts": 20,
      "hc_mode": "best",
      "max_evals": 5000,
      "neighborhood": "swap"
    },
    "n_runs": 30,
    "costs": [
      460.0,
      469.0,
      441.0,
      473.0,
      431.0,
      446.0,
      467.0,
      420.0,
      471.0,
      502.0,
      456.0,
      387.0,
      392.0,
      486.0,
      491.0,
      434.0,
      457.0,
      461.0,
      459.0,
      483.0,
      487.0,
      429.0,
      430.0,
      462.0,
      460.0,
      426.0,
      481.0,
      457.0,
      443.0,
      464.0
    ],
    "times": [
      0.029401302337646484,
      0.026658058166503906,
      0.026920080184936523,
      0.027977466583251953,
      0.02815842628479004,
      0.02980494499206543,
      0.025725603103637695,
      0.028295040130615234,
      0.0300595760345459,
      0.03061652183532715,
      0.03445029258728027,
      0.029920101165771484,
      0.026928186416625977,
      0.025930404663085938,
      0.02792525291442871,
      0.024933338165283203,
      0.026928186416625977,
      0.02792501449584961,
      0.02593064308166504,
      0.026928186416625977,
      0.025931119918823242,
      0.025930166244506836,
      0.026927947998046875,
      0.025966167449951172,
      0.02593088150024414,
      0.02593064308166504,
      0.02593064308166504,
      0.026929378509521484,
      0.02708268165588379,
      0.026311159133911133
    ],
    "best_cost": 387.0,
    "worst_cost": 502.0,
    "mean_cost": 454.1666666666667,
    "std_cost": 26.763262548168942,
    "median_cost": 459.5,
    "mean_time": 0.02747624715169271,
    "std_time": 0.001954387707704153,
    "best_solution": [
      16,
      0,
      12,
      4,
      17,
      1,
      19,
      6,
      15,
      10,
      14,
      18,
      2,
      7,
      9,
      11,
      8,
      13,
      3,
      5
    ]
  },
  "Simulated-Annealing": {
    "algorithm": "Simulated-Annealing",
    "params": {
      "T0": 100,
      "alpha": 0.95,
      "Tmin": 0.01,
      "max_evals": 5000,
      "neighborhood": "swap",
      "palier": 100
    },
    "n_runs": 30,
    "costs": [
      590.0,
      498.0,
      656.0,
      603.0,
      583.0,
      581.0,
      661.0,
      607.0,
      658.0,
      511.0,
      635.0,
      628.0,
      616.0,
      614.0,
      616.0,
      569.0,
      573.0,
      626.0,
      638.0,
      612.0,
      589.0,
      526.0,
      613.0,
      608.0,
      611.0,
      593.0,
      523.0,
      576.0,
      674.0,
      676.0
    ],
    "times": [
      0.019148588180541992,
      0.018189668655395508,
      0.020111560821533203,
      0.01934075355529785,
      0.01809215545654297,
      0.01917862892150879,
      0.019153833389282227,
      0.019189119338989258,
      0.0190732479095459,
      0.019123315811157227,
      0.02021956443786621,
      0.023012876510620117,
      0.022162199020385742,
      0.02338099479675293,
      0.02518486976623535,
      0.020596981048583984,
      0.020636796951293945,
      0.01969456672668457,
      0.020261049270629883,
      0.02040386199951172,
      0.020169973373413086,
      0.018088579177856445,
      0.01910233497619629,
      0.019371986389160156,
      0.020107269287109375,
      0.020102739334106445,
      0.019539356231689453,
      0.02167797088623047,
      0.0196378231048584,
      0.020833969116210938
    ],
    "best_cost": 498.0,
    "worst_cost": 676.0,
    "mean_cost": 602.1333333333333,
    "std_cost": 44.58903701833246,
    "median_cost": 609.5,
    "mean_time": 0.02015955448150635,
    "std_time": 0.0015595013425263777,
    "best_solution": [
      14,
      9,
      11,
      16,
      5,
      3,
      0,
      12,
      1,
      4,
      17,
      19,
      8,
      13,
      7,
      2,
      18,
      15,
      10,
      6
    ]
  },
  "Tabu-Search": {
    "algorithm": "Tabu-Search",
    "params": {
      "tabu_tenure": 10,
      "max_evals": 5000,
      "neighborhood": "swap"
    },
    "n_runs": 30,