{
  "HC-Best-Swap": {
    "algorithm": "HC-Best-Swap",
    "params": {
      "mode": "best",
      "max_evals": 10000,
      "neighborhood": "swap"
    },
    "n_runs": 20,
    "costs": [
      1444.06,
      1270.4600000000003,
      1280.1000000000001,
      1359.3100000000002,
      1344.78,
      1366.5299999999997,
      1403.98,
      1394.5,
      1378.4000000000003,
      1418.5100000000002,
      1286.4600000000003,
      1340.8999999999996,
      1305.7600000000002,
      1390.25,
      1393.3600000000001,
      1304.3600000000001,
      1366.66,
      1299.95,
      1192.1399999999999,
      1348.3699999999994
    ],
    "times": [
      0.17400193214416504,
      0.14395976066589355,
      0.13927483558654785,
      0.13924789428710938,
      0.13809776306152344,
      0.1393270492553711,
      0.13684988021850586,
      0.14003205299377441,
      0.13669753074645996,
      0.136521577835083,
      0.14213252067565918,
      0.13974452018737793,
      0.13738369941711426,
      0.1367354393005371,
      0.13711237907409668,
      0.1368265151977539,
      0.14535236358642578,
      0.13009929656982422,
      0.15046429634094238,
      0.12993407249450684
    ],
    "best_cost": 1192.1399999999999,
    "worst_cost": 1444.06,
    "mean_cost": 1344.442,
    "std_cost": 58.98685841778658,
    "median_cost": 1353.8399999999997,
    "mean_time": 0.1404897689819336,
    "std_time": 0.008896986288397506,
    "best_solution": [
      7,
      24,
      31,
      26,
      30,
      19,
      29,
      42,
      11,
      2,
      0,
      22,
      20,
      43,
      4,
      38,
      9,
      12,
      33,
      32,
      6,
      13,
      17,
      48,
      44,
      1,
      36,
      47,
      45,
      10,
      3,
      14,
      39,
      37,
      15,
      23,
      5,
      46,
      34,
      40,
      28,
      18,
      35,
      25,
      41,
      21,
      27,
      8,
      49,
      16
    ]
  },
  "HC-First-Swap": {
    "algorithm": "HC-First-Swap",
    "params": {
      "mode": "first",
      "max_evals": 10000,
      "neighborhood": "swap"
    },
    "n_runs": 20,
    "costs": [
      891.4400000000002,
      869.9799999999999,
      1065.0700000000004,
      1089.1800000000003,
      1042.3100000000002,
      962.3699999999999,
      1031.3300000000004,
      1081.51,
      1003.9699999999999,
      765.2099999999999,
      1185.5899999999997,
      820.01,
      881.26,
      851.0900000000003,
      861.2800000000002,
      1058.26,
      1052.17,
      1080.9400000000003,
      860.58,
      960.2299999999999
    ],
    "times": [
      0.17881464958190918,
      0.24683499336242676,
      0.1843557357788086,
      0.17149758338928223,
      0.21363186836242676,
      0.19355177879333496,
      0.21738243103027344,
      0.16537976264953613,
      0.2181074619293213,
      0.2175736427307129,
      0.1667344570159912,
      0.21504878997802734,
      0.2203519344329834,
      0.22453951835632324,
      0.16493606567382812,
      0.2107541561126709,
      0.21134305000305176,
      0.21930789947509766,
      0.22759389877319336,
      0.1929328441619873
    ],
    "best_cost": 765.2099999999999,
    "worst_cost": 1185.5899999999997,
    "mean_cost": 970.689,
    "std_cost": 110.84045641822306,
    "median_cost": 983.1699999999998,
    "mean_time": 0.20303362607955933,
    "std_time": 0.02333200550235868,
    "best_solution": [
      42,
      3,
      19,
      29,
      9,
      21,
      44,
      49,
      8,
      13,
      43,
      6,
      38,
      20,
      32,
      22,
      33,
      0,
      12,
      2,
      41,
      48,
      37,
      15,
      27,
      17,
      4,
      16,
      28,
      7,
      46,
      5,
      23,
      45,
      10,
      18,
      35,
      25,
      39,
      34,
      1,
      14,
      40,
      24,
      47,
      30,
      11,
      31,
      36,
      26
    ]
  },
  "Multi-Start-HC": {
    "algorithm": "Multi-Start-HC",
    "params": {
      "n_starts": 20,
      "hc_mode": "best",
      "max_evals": 10000,
      "neighborhood": "swap"
    },
    "n_runs": 20,
    "costs": [
      1771.8300000000002,
      1930.6000000000004,
      1915.2699999999998,
      1923.3300000000004,
      1939.4499999999996,
      1795.4199999999994,
      1747.1,
      1869.5899999999997,
      1837.8500000000004,
      1836.5300000000004,
      1893.2199999999998,
      1878.5800000000002,
      1783.5799999999997,
      1853.1099999999994,
      1821.2400000000002,
      1878.1999999999996,
      1848.9599999999996,
      1875.1500000000005,
      1916.1999999999998,
      1910.4800000000005
    ],
    "times": [
      0.12917327880859375,
      0.14373564720153809,
      0.14614534378051758,
      0.13902783393859863,
      0.1617426872253418,
      0.13846731185913086,
      0.14205193519592285,
      0.13847112655639648,
      0.1414799690246582,
      0.14290380477905273,
      0.13315272331237793,
      0.13402271270751953,
      0.13331818580627441,
      0.1329331398010254,
      0.13330698013305664,
      0.13209033012390137,
      0.13178586959838867,
      0.13402915000915527,
      0.1351940631866455,
      0.13548660278320312
    ],
    "best_cost": 1747.1,
    "worst_cost": 1939.4499999999996,
    "mean_cost": 1861.2845000000002,
    "std_cost": 54.48918135510943,
    "median_cost": 1872.3700000000001,
    "mean_time": 0.13792593479156495,
    "std_time": 0.00709669895499688,
    "best_solution": [
      29,
      26,
      30,
      14,
      4,
      11,
      17,
      7,
      5,
      35,
      39,
      44,
      49,
      36,
      2,
      8,
      15,
      6,
      43,
      33,
      27,
      24,
      25,
      16,
      20,
      9,
      12,
      19,
      42,
      3,
      22,
      0,
      38,
      34,
      1,
      21,
      23,
      40,
      45,
      28,
      47,
      48,
      32,
      13,
      41,
      46,
      18,
      37,
      31,
      10
    ]
  },
  "Simulated-Annealing": {
    "algorithm": "Simulated-Annealing",
    "params": {
      "T0": 100,
      "alpha": 0.95,
      "Tmin": 0.01,
      "max_evals": 10000,
      "neighborhood": "swap"
    },
    "n_runs": 20,
    "costs": [
      1413.76,
      1351.22,
      1427.3100000000004,
      1477.94,
      1414.4200000000003,
      1412.5100000000002,
      1541.2700000000002,
      1545.54,
      1548.15,
      1601.23,
      1523.7,
      1421.5700000000002,
      1492.8299999999995,
      1496.2300000000002,
      1416.61,
      1378.7599999999993,
      1439.94,
      1620.94,
      1453.8600000000004,
      1397.3100000000006
    ],
    "times": [
      0.002164125442504883,
      0.0030455589294433594,
      0.0030126571655273438,
      0.0030536651611328125,
      0.0030143260955810547,
      0.002007722854614258,
      0.0030133724212646484,
      0.003015279769897461,
      0.0030117034912109375,
      0.003092050552368164,
      0.003018617630004883,
      0.0030934810638427734,
      0.0020079612731933594,
      0.003419160842895508,
      0.0031075477600097656,
      0.003139019012451172,
      0.0031137466430664062,
      0.0030143260955810547,
      0.00200653076171875,
      0.0030584335327148438
    ],
    "best_cost": 1351.22,
    "worst_cost": 1620.94,
    "mean_cost": 1468.755,
    "std_cost": 72.96547502072468,
    "median_cost": 1446.9,
    "mean_time": 0.002870464324951172,
    "std_time": 0.000422220788384963,
    "best_solution": [
      37,
      35,
      25,
      5,
      45,
      29,
      3,
      19,
      36,
      47,
      10,
      23,
      18,
      0,
      33,
      32,
      20,
      12,
      38,
      6,
      27,
      28,
      49,
      21,
      24,
      9,
      31,
      40,
      16,
      7,
      46,
      8,
      13,
      34,
      4,
      17,
      43,
      22,
      2,
      15,
      48,
      41,
      14,
      39,
      1,
      26,
      11,
      42,
      30,
      44
    ]
  },