{
  "HC-Best-Swap": {
    "algorithm": "HC-Best-Swap",
    "params": {
      "mode": "best",
      "max_evals": 10000,
      "neighborhood": "swap"
    },
    "n_runs": 20,
    "costs": [
      1210.8200000000002,
      1441.6299999999997,
      1277.3599999999997,
      1270.96,
      1375.87,
      1224.52,
      1356.2899999999997,
      1340.0400000000004,
      1352.2600000000002,
      1341.4500000000003,
      1298.3700000000001,
      1375.6499999999996,
      1432.8899999999996,
      1335.01,
      1235.3,
      1276.8800000000003,
      1304.7299999999993,
      1357.3700000000001,
      1401.34,
      1391.45
    ],
    "times": [
      0.16118431091308594,
      0.14164328575134277,
      0.12728404998779297,
      0.12703514099121094,
      0.128997802734375,
      0.13657832145690918,
      0.13925385475158691,
      0.1337599754333496,
      0.12643074989318848,
      0.12392997741699219,
      0.1255192756652832,
      0.12619686126708984,
      0.12522578239440918,
      0.12488842010498047,
      0.12468218803405762,
      0.12572765350341797,
      0.12802433967590332,
      0.1512598991394043,
      0.12710213661193848,
      0.12307143211364746
    ],
    "best_cost": 1210.8200000000002,
    "worst_cost": 1441.6299999999997,
    "mean_cost": 1330.0095,
    "std_cost": 64.54042364867146,
    "median_cost": 1340.7450000000003,
    "mean_time": 0.1313897728919983,
    "std_time": 0.009801741841129483,
    "best_solution": [
      43,
      6,
      38,
      33,
      4,
      49,
      8,
      13,
      39,
      15,
      44,
      22,
      2,
      12,
      20,
      32,
      3,
      29,
      19,
      42,
      14,
      7,
      41,
      11,
      0,
      26,
      17,
      27,
      1,
      48,
      34,
      46,
      18,
      23,
      45,
      10,
      30,
      47,
      31,
      36,
      40,
      35,
      25,
      5,
      28,
      37,
      16,
      24,
      9,
      21
    ]
  },
  "HC-First-Swap": {
    "algorithm": "HC-First-Swap",
    "params": {
      "mode": "first",
      "max_evals": 10000,
      "neighborhood": "swap"
    },
    "n_runs": 20,
    "costs": [
      924.52,
      1029.2099999999996,
      911.8800000000001,
      1066.42,
      1099.7499999999998,
      1137.7099999999998,
      1189.3700000000001,
      966.4899999999999,
      809.12,
      922.02,
      886.6299999999999,
      1051.4699999999998,
      1076.06,
      989.4499999999998,
      951.9899999999999,
      894.1700000000003,
      913.7000000000002,
      859.9899999999998,
      934.5899999999999,
      965.2299999999998
    ],
    "times": [
      0.18518304824829102,
      0.22559165954589844,
      0.20245862007141113,
      0.19078278541564941,
      0.1752326488494873,
      0.21382927894592285,
      0.2484726905822754,
      0.20834803581237793,
      0.20362234115600586,
      0.19746088981628418,
      0.22207140922546387,
      0.1747734546661377,
      0.19947576522827148,
      0.21500420570373535,
      0.1832261085510254,
      0.22143173217773438,
      0.2124333381652832,
      0.22288036346435547,
      0.2510688304901123,
      0.21877408027648926
    ],
    "best_cost": 809.12,
    "worst_cost": 1189.3700000000001,
    "mean_cost": 978.9884999999998,
    "std_cost": 96.37240918826296,
    "median_cost": 958.6099999999999,
    "mean_time": 0.2086060643196106,
    "std_time": 0.02056200422487605,
    "best_solution": [
      33,
      22,
      32,
      20,
      6,
      43,
      13,
      8,
      48,
      15,
      37,
      34,
      14,
      40,
      5,
      46,
      18,
      23,
      45,
      42,
      3,
      19,
      29,
      38,
      17,
      4,
      41,
      0,
      12,
      2,
      9,
      1,
      25,
      35,
      39,
      7,
      28,
      36,
      47,
      31,
      10,
      24,
      26,
      30,
      11,
      44,
      49,
      27,
      21,
      16
    ]
  },
  "Multi-Start-HC": {
    "algorithm": "Multi-Start-HC",
    "params": {
      "n_starts": 20,
      "hc_mode": "best",
      "max_evals": 10000,
      "neighborhood": "swap"
    },
    "n_runs": 20,
    "costs": [
      1372.5700000000002,
      1314.5099999999998,
      1330.3600000000004,
      1353.5899999999997,
      1239.5799999999995,
      1293.7600000000002,
      1366.37,
      1384.8799999999999,
      1259.0400000000002,
      1302.1399999999999,
      1336.44,
      1343.5800000000006,
      1278.29,
      1352.2300000000002,
      1423.2800000000007,
      1304.54,
      1304.5300000000007,
      1352.7199999999996,
      1376.0900000000001,
      1306.7200000000003
    ],
    "times": [
      0.1333296298980713,
      0.13270950317382812,
      0.13764643669128418,
      0.13431501388549805,
      0.130690336227417,
      0.12845563888549805,
      0.13460230827331543,
      0.1346583366394043,
      0.12882041931152344,
      0.12570738792419434,
      0.13437986373901367,
      0.13270926475524902,
      0.15519428253173828,
      0.1331462860107422,
      0.12868881225585938,
      0.12998127937316895,
      0.13329076766967773,
      0.1265721321105957,
      0.1361396312713623,
      0.13080215454101562
    ],
    "best_cost": 1239.5799999999995,
    "worst_cost": 1423.2800000000007,
    "mean_cost": 1329.7610000000002,
    "std_cost": 44.05527753856521,
    "median_cost": 1333.4,
    "mean_time": 0.13309197425842284,
    "std_time": 0.005931617819690942,
    "best_solution": [
      23,
      45,
      10,
      36,
      24,
      19,
      9,
      14,
      17,
      44,
      13,
      43,
      8,
      15,
      25,
      7,
      30,
      11,
      29,
      32,
      22,
      12,
      2,
      28,
      16,
      41,
      27,
      49,
      1,
      39,
      37,
      48,
      42,
      3,
      31,
      47,
      26,
      21,
      35,
      5,
      34,
      40,
      38,
      20,
      6,
      33,
      0,
      4,
      46,
      18
    ]
  },
  "Simulated-Annealing": {
    "algorithm": "Simulated-Annealing",
    "params": {
      "T0": 100,
      "alpha": 0.95,
      "Tmin": 0.01,
      "max_evals": 10000,
      "neighborhood": "swap",
      "palier": 100
    },
    "n_runs": 20,
    "costs": [
      1085.7599999999998,
      1046.47,
      960.2100000000004,
      993.6800000000002,
      1132.67,
      963.58,
      1053.9299999999998,
      1057.0400000000002,
      1077.5500000000002,
      1064.2599999999998,
      1016.23,
      983.8100000000001,
      1097.6599999999999,
      956.19,
      1059.22,
      1056.5800000000002,
      1155.66,
      1059.7699999999998,
      989.4200000000001,
      1138.65
    ],
    "times": [
      0.08263826370239258,
      0.07785677909851074,
      0.08036661148071289,
      0.08027386665344238,
      0.07526206970214844,
      0.07760000228881836,
      0.07840299606323242,
      0.07665419578552246,
      0.07527852058410645,
      0.07469987869262695,
      0.07570266723632812,
      0.07410073280334473,
      0.07703995704650879,
      0.07954192161560059,
      0.07848882675170898,
      0.10833883285522461,
      0.08803129196166992,
      0.08861351013183594,
      0.0906212329864502,
      0.09621882438659668
    ],
    "best_cost": 956.19,
    "worst_cost": 1155.66,
    "mean_cost": 1047.4170000000001,
    "std_cost": 57.97929027678758,
    "median_cost": 1056.8100000000002,
    "mean_time": 0.08178654909133912,
    "std_time": 0.008433364706040555,
    "best_solution": [
      16,
      4,
      41,
      9,
      26,
      30,
      29,
      3,
      19,
      2,
      17,
      44,
      38,
      0,
      12,
      32,
      22,
      27,
      8,
      13,
      43,
      6,
      20,
      33,
      11,
      36,
      31,
      45,
      42,
      47,
      10,
      23,
      18,
      28,
      7,
      24,
      14,
      5,
      40,
      15,
      37,
      21,
      49,
      48,
      34,
      1,
      25,
      35,
      39,
      46
    ]
  },