{
  "HC-Best-Swap": {
    "algorithm": "HC-Best-Swap",
    "params": {
      "mode": "best",
      "max_evals": 15000,
      "neighborhood": "swap"
    },
    "n_runs": 15,
    "costs": [
      3199.6800000000007,
      3520.0200000000004,
      3339.719999999999,
      3226.9,
      3426.679999999999,
      3419.8599999999997,
      3329.28,
      3287.2299999999996,
      2820.8700000000003,
      2959.29,
      3265.3299999999995,
      3277.8899999999976,
      3494.860000000001,
      3309.1100000000006,
      3145.41
    ],
    "times": [
      0.3415567874908447,
      0.3498101234436035,
      0.33997178077697754,
      0.3600151538848877,
      0.41825270652770996,
      0.40781450271606445,
      0.4547555446624756,
      0.3971691131591797,
      0.41531801223754883,
      0.3798809051513672,
      0.40708208084106445,
      0.4217040538787842,
      0.48682117462158203,
      0.9700734615325928,
      0.45066094398498535
    ],
    "best_cost": 2820.8700000000003,
    "worst_cost": 3520.0200000000004,
    "mean_cost": 3268.1420000000003,
    "std_cost": 180.90440271775213,
    "median_cost": 3287.2299999999996,
    "mean_time": 0.44005908966064455,
    "std_time": 0.14758389696360955,
    "best_solution": [
      11,
      4,
      65,
      26,
      52,
      36,
      18,
      39,
      15,
      29,
      27,
      40,
      9,
      41,
      60,
      57,
      19,
      43,
      73,
      12,
      10,
      47,
      17,
      25,
      62,
      55,
      21,
      67,
      31,
      38,
      56,
      53,
      3,
      66,
      61,
      37,
      22,
      75,
      33,
      16,
      68,
      34,
      24,
      1,
      49,
      28,
      64,
      46,
      51,
      69,
      50,
      76,
      0,
      14,
      71,
      54,
      44,
      45,
      2,
      13,
      20,
      42,
      59,
      72,
      35,
      7,
      58,
      70,
      23,
      78,
      79,
      5,
      74,
      32,
      8,
      77,
      63,
      48,
      30,
      6
    ]
  },
  "HC-First-Swap": {
    "algorithm": "HC-First-Swap",
    "params": {
      "mode": "first",
      "max_evals": 15000,
      "neighborhood": "swap"
    },
    "n_runs": 15,
    "costs": [
      1704.2599999999993,
      2063.67,
      2437.2999999999997,
      1375.6499999999999,
      1603.3400000000008,
      2037.7300000000007,
      1882.5199999999998,
      1472.37,
      2200.43,
      2157.7799999999997,
      1574.6299999999997,
      1511.1200000000003,
      1727.44,
      1641.7700000000007,
      1842.7100000000003
    ],
    "times": [
      1.478642463684082,
      1.110811471939087,
      0.8332724571228027,
      1.0501430034637451,
      0.9404706954956055,
      0.9307122230529785,
      0.7885088920593262,
      1.1977601051330566,
      0.8734228610992432,
      0.9515228271484375,
      1.0602316856384277,
      0.9415698051452637,
      0.9424564838409424,
      1.0098650455474854,
      0.9487650394439697
    ],
    "best_cost": 1375.6499999999999,
    "worst_cost": 2437.2999999999997,
    "mean_cost": 1815.5146666666665,
    "std_cost": 297.2499696409665,
    "median_cost": 1727.44,
    "mean_time": 1.0038770039876301,
    "std_time": 0.1622948238895139,
    "best_solution": [
      17,
      72,
      30,
      6,
      70,
      59,
      46,
      29,
      64,
      27,
      9,
      43,
      8,
      74,
      13,
      20,
      44,
      1,
      3,
      41,
      28,
      49,
      45,
      16,
      51,
      32,
      61,
      58,
      63,
      40,
      2,
      67,
      76,
      79,
      39,
      53,
      24,
      19,
      31,
      11,
      10,
      26,
      47,
      56,
      25,
      78,
      62,
      23,
      22,
      77,
      73,
      48,
      36,
      34,
      37,
      65,
      4,
      0,
      68,
      14,
      12,
      38,
      42,
      50,
      55,
      21,
      71,
      66,
      7,
      35,
      69,
      5,
      52,
      60,
      18,
      57,
      75,
      33,
      54,
      15
    ]
  },
  "Multi-Start-HC": {
    "algorithm": "Multi-Start-HC",
    "params": {
      "n_starts": 20,
      "hc_mode": "best",
      "max_evals": 15000,
      "neighborhood": "swap"
    },
    "n_runs": 15,
    "costs": [
      3693.740000000002,
      3737.549999999999,
      3808.3399999999997,
      3810.7600000000007,
      3720.1600000000008,
      3809.03,
      3900.679999999998,
      3706.7899999999986,
      3786.9200000000005,
      3845.2800000000007,
      3718.470000000001,
      3747.930000000001,
      3724.5800000000013,
      3530.519999999999,
      3738.189999999999
    ],
    "times": [
      0.3539459705352783,
      0.3787229061126709,
      0.3334481716156006,
      0.3611297607421875,
      0.3365960121154785,
      0.37921643257141113,
      0.36383962631225586,
      0.3837168216705322,
      0.36371350288391113,
      0.3626725673675537,
      0.36495375633239746,
      0.35897159576416016,
      0.3383810520172119,
      0.3388850688934326,
      0.3651595115661621
    ],
    "best_cost": 3530.519999999999,
    "worst_cost": 3900.679999999998,
    "mean_cost": 3751.929333333333,
    "std_cost": 81.52837334054655,
    "median_cost": 3738.189999999999,
    "mean_time": 0.35889018376668297,
    "std_time": 0.015396140575074288,
    "best_solution": [
      54,
      21,
      78,
      25,
      39,
      48,
      67,
      75,
      19,
      65,
      24,
      74,
      18,
      30,
      66,
      9,
      51,
      41,
      61,
      22,
      5,
      4,
      2,
      1,
      69,
      28,
      77,
      29,
      64,
      59,
      46,
      37,
      53,
      23,
      55,
      35,
      36,
      58,
      73,
      16,
      7,
      27,
      44,
      43,
      47,
      34,
      15,
      6,
      14,
      40,
      45,
      3,
      33,
      62,
      76,
      13,
      52,
      12,
      49,
      10,
      42,
      26,
      57,
      38,
      17,
      70,
      63,
      71,
      50,
      79,
      8,
      20,
      72,
      60,
      32,
      31,
      0,
      68,
      56,
      11
    ]
  },
  "Simulated-Annealing": {
    "algorithm": "Simulated-Annealing",
    "params": {
      "T0": 100,
      "alpha": 0.95,
      "Tmin": 0.01,
      "max_evals": 15000,
      "neighborhood": "swap"
    },
    "n_runs": 15,
    "costs": [
      2806.4599999999996,
      2971.93,
      2687.1399999999994,
      2947.609999999999,
      3163.3300000000013,
      2706.2599999999993,
      2840.2300000000014,
      3086.1599999999994,
      3011.2200000000003,
      3055.459999999999,
      2911.8399999999997,
      2677.7199999999993,
      2976.44,
      2790.2199999999993,
      2855.07
    ],
    "times": [
      0.004231691360473633,
      0.004204273223876953,
      0.004670143127441406,
      0.004434823989868164,
      0.004235982894897461,
      0.004224061965942383,
      0.0031690597534179688,
      0.004225015640258789,
      0.005522966384887695,
      0.004195690155029297,
      0.004198551177978516,
      0.004248857498168945,
      0.004218339920043945,
      0.004225254058837891,
      0.0042264461517333984
    ],
    "best_cost": 2677.7199999999993,
    "worst_cost": 3163.3300000000013,
    "mean_cost": 2899.1393333333335,
    "std_cost": 144.35932550256535,
    "median_cost": 2911.8399999999997,
    "mean_time": 0.004282077153523763,
    "std_time": 0.00044690104849108613,