{
  "HC-Best-Swap": {
    "algorithm": "HC-Best-Swap",
    "params": {
      "mode": "best",
      "max_evals": 15000,
      "neighborhood": "swap"
    },
    "n_runs": 15,
    "costs": [
      3337.0,
      2919.0,
      3544.0,
      3483.0,
      3046.0,
      3109.0,
      3457.0,
      3311.0,
      3386.0,
      3245.0,
      3002.0,
      3150.0,
      3500.0,
      3264.0,
      3459.0
    ],
    "times": [
      0.436290979385376,
      0.3782386779785156,
      0.3903522491455078,
      0.5448007583618164,
      0.38321590423583984,
      0.3843801021575928,
      0.5098302364349365,
      0.4028644561767578,
      0.4214956760406494,
      0.41674017906188965,
      0.43494272232055664,
      0.43332767486572266,
      0.46719980239868164,
      0.4545614719390869,
      0.4125339984893799
    ],
    "best_cost": 2919.0,
    "worst_cost": 3544.0,
    "mean_cost": 3280.8,
    "std_cost": 191.15341133933936,
    "median_cost": 3311.0,
    "mean_time": 0.4313849925994873,
    "std_time": 0.04575014016416505,
    "best_solution": [
      1,
      79,
      11,
      4,
      31,
      46,
      48,
      8,
      62,
      23,
      18,
      10,
      70,
      63,
      32,
      72,
      30,
      66,
      33,
      67,
      64,
      13,
      21,
      27,
      28,
      68,
      24,
      39,
      54,
      25,
      78,
      15,
      76,
      41,
      3,
      58,
      61,
      34,
      38,
      14,
      47,
      17,
      60,
      12,
      16,
      77,
      52,
      35,
      51,
      59,
      40,
      36,
      73,
      5,
      69,
      6,
      50,
      55,
      29,
      49,
      9,
      42,
      56,
      65,
      43,
      45,
      20,
      53,
      7,
      2,
      57,
      71,
      19,
      74,
      0,
      37,
      26,
      22,
      75,
      44
    ]
  },
  "HC-First-Swap": {
    "algorithm": "HC-First-Swap",
    "params": {
      "mode": "first",
      "max_evals": 15000,
      "neighborhood": "swap"
    },
    "n_runs": 15,
    "costs": [
      1738.0,
      1914.0,
      1305.0,
      1509.0,
      1689.0,
      1769.0,
      1570.0,
      1793.0,
      1894.0,
      2012.0,
      2180.0,
      2485.0,
      1455.0,
      2292.0,
      2053.0
    ],
    "times": [
      1.465355396270752,
      1.3500990867614746,
      1.716658353805542,
      1.5014655590057373,
      1.4206044673919678,
      1.2373619079589844,
      1.349271535873413,
      1.2665858268737793,
      1.2229819297790527,
      1.2560999393463135,
      1.1245431900024414,
      0.8339352607727051,
      1.3775861263275146,
      0.9726521968841553,
      1.007875680923462
    ],
    "best_cost": 1305.0,
    "worst_cost": 2485.0,
    "mean_cost": 1843.8666666666666,
    "std_cost": 313.7319166988841,
    "median_cost": 1793.0,
    "mean_time": 1.2735384305318196,
    "std_time": 0.2175512293819557,
    "best_solution": [
      51,
      48,
      63,
      46,
      73,
      16,
      27,
      49,
      28,
      41,
      64,
      29,
      32,
      58,
      61,
      36,
      17,
      38,
      72,
      34,
      30,
      40,
      45,
      9,
      3,
      1,
      44,
      74,
      18,
      22,
      50,
      23,
      78,
      55,
      39,
      75,
      43,
      77,
      69,
      37,
      11,
      65,
      68,
      52,
      76,
      19,
      53,
      71,
      57,
      67,
      8,
      2,
      66,
      7,
      35,
      12,
      0,
      14,
      4,
      31,
      5,
      60,
      42,
      25,
      62,
      21,
      54,
      15,
      79,
      24,
      33,
      13,
      20,
      56,
      47,
      26,
      10,
      6,
      70,
      59
    ]
  },
  "Multi-Start-HC": {
    "algorithm": "Multi-Start-HC",
    "params": {
      "n_starts": 20,
      "hc_mode": "best",
      "max_evals": 15000,
      "neighborhood": "swap"
    },
    "n_runs": 15,
    "costs": [
      3268.0,
      3092.0,
      3243.0,
      3144.0,
      3451.0,
      3239.0,
      3138.0,
      3333.0,
      3022.0,
      3270.0,
      3411.0,
      3121.0,
      3436.0,
      2971.0,
      3157.0
    ],
    "times": [
      0.43774986267089844,
      0.3589966297149658,
      0.3750584125518799,
      0.38839125633239746,
      0.5294198989868164,
      0.47970008850097656,
      0.36153411865234375,
      0.40491652488708496,
      0.37526774406433105,
      0.3463306427001953,
      0.360637903213501,
      0.358569860458374,
      0.37154173851013184,
      0.40123772621154785,
      0.43346333503723145
    ],
    "best_cost": 2971.0,
    "worst_cost": 3451.0,
    "mean_cost": 3219.733333333333,
    "std_cost": 141.14270162577384,
    "median_cost": 3239.0,
    "mean_time": 0.3988543828328451,
    "std_time": 0.049758090245462135,
    "best_solution": [
      46,
      63,
      5,
      31,
      77,
      60,
      22,
      74,
      20,
      78,
      47,
      38,
      37,
      36,
      58,
      3,
      57,
      55,
      15,
      76,
      33,
      44,
      12,
      42,
      75,
      25,
      21,
      45,
      51,
      52,
      79,
      53,
      8,
      9,
      66,
      1,
      39,
      16,
      24,
      71,
      62,
      54,
      50,
      28,
      29,
      61,
      19,
      23,
      56,
      65,
      4,
      72,
      0,
      73,
      59,
      49,
      67,
      13,
      27,
      7,
      41,
      48,
      64,
      70,
      10,
      30,
      34,
      68,
      14,
      35,
      2,
      18,
      26,
      17,
      11,
      32,
      6,
      40,
      69,
      43
    ]
  },
  "Simulated-Annealing": {
    "algorithm": "Simulated-Annealing",
    "params": {
      "T0": 100,
      "alpha": 0.95,
      "Tmin": 0.01,
      "max_evals": 15000,
      "neighborhood": "swap",
      "palier": 100
    },
    "n_runs": 15,
    "costs": [
      1648.0,
      1508.0,
      1347.0,
      1315.0,
      1439.0,
      1483.0,
      1505.0,
      1410.0,
      1330.0,
      1508.0,
      1444.0,
      1485.0,
      1475.0,
      1415.0,
      1405.0
    ],
    "times": [
      0.1928694248199463,
      0.24793124198913574,
      0.1902468204498291,
      0.21479177474975586,
      0.1908717155456543,
      0.19709396362304688,
      0.20986676216125488,
      0.1899890899658203,
      0.20436930656433105,
      0.20618104934692383,
      0.1867661476135254,
      0.24350333213806152,
      0.1943986415863037,
      0.19066786766052246,
      0.21120953559875488
    ],
    "best_cost": 1315.0,
    "worst_cost": 1648.0,
    "mean_cost": 1447.8,
    "std_cost": 81.67594505115935,
    "median_cost": 1444.0,
    "mean_time": 0.20471711158752443,
    "std_time": 0.018233364201986103,
    "best_solution": [
      77,
      8,
      44,
      20,
      33,
      79,
      42,
      50,
      23,
      78,
      62,
      25,
      22,
      76,
      24,
      13,
      43,
      40,
      16,
      64,
      28,
      49,
      9,
      1,
      3,
      41,
      29,
      17,
      38,
      72,
      37,
      6,
      70,
      59,
      69,
      35,
      7,
      66,
      27,
      45,
      73,
      58,
      32,
      51,
      36,
      61,
      34,
      12,
      31,
      52,
      4,
      10,
      26,
      47,
      56,
      68,
      18,
      39,
      21,
      54,
      55,
      71,
      75,
      15,
      57,
      53,
      19,
      14,
      65,
      11,
      0,
      67,
      60,
      74,
      2,
      46,
      63,
      48,
      30,
      5
    ]
  },
  "Tabu-Search": {
    "algorithm": "Tabu-Search",
    "params": {
      "tabu_tenure": 10,
      "max_evals": 15000,
      "neighborhood": "swap"
    },
    "n_runs": 15,
    "costs": [
      3329.0,
      3172.0,
      3225.0,
      3313.0,
      3307.0,
      3181.0,
      3179.0,
      3370.0,
      3285.0,
      3478.0,
      3360.0,
      3436.0,
      3500.0,
      3053.0,
      3373.0
    ],