{
  "HC-Best-Swap": {
    "algorithm": "HC-Best-Swap",
    "params": {
      "mode": "best",
      "max_evals": 5000,
      "neighborhood": "swap"
    },
    "n_runs": 30,
    "costs": [
      467.18999999999994,
      502.0,
      440.71999999999997,
      501.09999999999997,
      449.2699999999999,
      472.14,
      446.77,
      487.37999999999994,
      507.40999999999997,
      386.43999999999994,
      517.25,
      469.84,
      429.46,
      462.92999999999995,
      473.29999999999995,
      462.43,
      428.35999999999996,
      386.43999999999994,
      477.65999999999997,
      465.56999999999994,
      497.44,
      446.77,
      444.59,
      473.45,
      485.67999999999995,
      462.12999999999994,
      473.06999999999994,
      543.29,
      551.8599999999999,
      386.44
    ],
    "times": [
      0.021210193634033203,
      0.01307058334350586,
      0.014084339141845703,
      0.01707744598388672,
      0.017078161239624023,
      0.015144586563110352,
      0.013981819152832031,
      0.012964963912963867,
      0.009973287582397461,
      0.01595759391784668,
      0.011967897415161133,
      0.011968135833740234,
      0.01795196533203125,
      0.013982534408569336,
      0.011950016021728516,
      0.020941972732543945,
      0.019945859909057617,
      0.024935483932495117,
      0.016951799392700195,
      0.015956878662109375,
      0.011967897415161133,
      0.014960050582885742,
      0.016954421997070312,
      0.013962745666503906,
      0.016954660415649414,
      0.019946575164794922,
      0.009973526000976562,
      0.013962745666503906,
      0.01296544075012207,
      0.019946813583374023
    ],
    "best_cost": 386.43999999999994,
    "worst_cost": 551.8599999999999,
    "mean_cost": 466.61266666666666,
    "std_cost": 39.27715917538956,
    "median_cost": 468.515,
    "mean_time": 0.015623013178507486,
    "std_time": 0.0035094093925590957,
    "best_solution": [
      1,
      19,
      6,
      14,
      10,
      15,
      9,
      18,
      2,
      7,
      11,
      8,
      13,
      3,
      5,
      16,
      0,
      12,
      4,
      17
    ]
  },
  "HC-First-Swap": {
    "algorithm": "HC-First-Swap",
    "params": {
      "mode": "first",
      "max_evals": 5000,
      "neighborhood": "swap"
    },
    "n_runs": 30,
    "costs": [
      472.73999999999995,
      452.67999999999995,
      493.54999999999995,
      432.35,
      497.10999999999996,
      468.4,
      547.14,
      466.3,
      496.63999999999993,
      456.59999999999997,
      463.85,
      474.06,
      434.02000000000004,
      443.55999999999995,
      441.08,
      480.2,
      508.6,
      475.34,
      487.2699999999999,
      473.83000000000004,
      420.31999999999994,
      516.24,
      456.99,
      452.30999999999995,
      491.24999999999994,
      432.78,
      461.71,
      466.65999999999997,
      503.4799999999999,
      496.17999999999995
    ],
    "times": [
      0.011967897415161133,
      0.0069811344146728516,
      0.01296544075012207,
      0.01296544075012207,
      0.0109710693359375,
      0.015957355499267578,
      0.015492916107177734,
      0.008764982223510742,
      0.011604785919189453,
      0.013515710830688477,
      0.009404897689819336,
      0.01436161994934082,
      0.016939163208007812,
      0.018609046936035156,
      0.008132696151733398,
      0.011045217514038086,
      0.012175321578979492,
      0.010064840316772461,
      0.010037899017333984,
      0.010041952133178711,
      0.01111292839050293,
      0.011043787002563477,
      0.014069080352783203,
      0.013654470443725586,
      0.009912729263305664,
      0.013159513473510742,
      0.009552717208862305,
      0.012624025344848633,
      0.008583545684814453,
      0.007325410842895508
    ],
    "best_cost": 420.31999999999994,
    "worst_cost": 547.14,
    "mean_cost": 472.108,
    "std_cost": 27.90972941466828,
    "median_cost": 470.56999999999994,
    "mean_time": 0.011767919858296711,
    "std_time": 0.002764742763451651,
    "best_solution": [
      14,
      6,
      19,
      1,
      17,
      4,
      3,
      5,
      16,
      0,
      12,
      8,
      13,
      11,
      7,
      2,
      18,
      9,
      15,
      10
    ]
  },
  "Multi-Start-HC": {
    "algorithm": "Multi-Start-HC",
    "params": {
      "n_starts": 20,
      "hc_mode": "best",
      "max_evals": 5000,
      "neighborhood": "swap"
    },
    "n_runs": 30,
    "costs": [
      459.65,
      468.7099999999999,
      422.29,
      474.44999999999993,
      433.93,
      445.38999999999993,
      465.95,
      429.44,
      471.09999999999997,
      503.08,
      452.28,
      386.63999999999993,
      392.49000000000007,
      490.84,
      490.21,
      434.59,
      457.1700000000001,
      462.16999999999996,
      456.49,
      485.72,
      464.19999999999993,
      444.2799999999999,
      481.71000000000004,
      461.18,
      426.2799999999999,
      482.13,
      452.28,
      477.39,
      464.38,
      386.44
    ],
    "times": [
      0.026842117309570312,
      0.0254364013671875,
      0.02451491355895996,
      0.026523828506469727,
      0.025316953659057617,
      0.0266115665435791,
      0.025679826736450195,
      0.025400400161743164,
      0.030249357223510742,
      0.027947664260864258,
      0.027602434158325195,
      0.026613712310791016,
      0.026590585708618164,
      0.02576160430908203,
      0.025515317916870117,
      0.024659395217895508,
      0.025932788848876953,
      0.02735280990600586,
      0.02619004249572754,
      0.025577545166015625,
      0.02548050880432129,
      0.024550676345825195,
      0.02556014060974121,
      0.0255129337310791,
      0.025527477264404297,
      0.025542736053466797,
      0.026579618453979492,
      0.025577783584594727,
      0.027983427047729492,
      0.02658224105834961
    ],
    "best_cost": 386.44,
    "worst_cost": 503.08,
    "mean_cost": 454.0953333333333,
    "std_cost": 29.356300258869286,
    "median_cost": 460.41499999999996,
    "mean_time": 0.026173893610636392,
    "std_time": 0.0011719590299860555,
    "best_solution": [
      11,
      8,
      13,
      3,
      5,
      16,
      0,
      12,
      4,
      17,
      1,
      19,
      6,
      14,
      10,
      15,
      9,
      18,
      2,
      7
    ]
  },
  "Simulated-Annealing": {
    "algorithm": "Simulated-Annealing",
    "params": {
      "T0": 100,
      "alpha": 0.95,
      "Tmin": 0.01,
      "max_evals": 5000,
      "neighborhood": "swap",
      "palier": 100
    },
    "n_runs": 30,
    "costs": [
      589.88,
      508.64000000000004,
      544.71,
      641.3399999999999,
      550.68,
      562.47,
      558.69,
      565.6600000000001,
      636.0799999999999,
      580.1300000000001,
      584.0599999999998,
      528.1899999999999,
      569.04,
      509.0799999999999,
      616.7699999999999,
      603.9300000000001,
      553.79,
      631.8000000000001,
      627.51,
      654.7499999999999,
      624.94,
      611.8599999999999,
      601.09,
      604.9699999999999,
      601.3,
      627.54,
      615.6299999999999,
      560.28,
      618.17,
      590.3
    ],