{
  "HC-Best-Swap": {
    "algorithm": "HC-Best-Swap",
    "params": {
      "mode": "best",
      "max_evals": 10000,
      "neighborhood": "swap"
    },
    "n_runs": 20,
    "costs": [
      1295.0,
      1310.0,
      1312.0,
      1269.0,
      1353.0,
      1176.0,
      1275.0,
      1458.0,
      1374.0,
      1377.0,
      1442.0,
      1340.0,
      1277.0,
      1324.0,
      1316.0,
      1302.0,
      1284.0,
      1380.0,
      1384.0,
      1223.0
    ],
    "times": [
      0.15289688110351562,
      0.20142602920532227,
      0.16152477264404297,
      0.15925836563110352,
      0.15111207962036133,
      0.154252290725708,
      0.15003085136413574,
      0.1477358341217041,
      0.1523585319519043,
      0.1512281894683838,
      0.14795827865600586,
      0.15175771713256836,
      0.16623544692993164,
      0.15377235412597656,
      0.147674560546875,
      0.152435302734375,
      0.19488763809204102,
      0.24475598335266113,
      0.19960641860961914,
      0.1494004726409912
    ],
    "best_cost": 1176.0,
    "worst_cost": 1458.0,
    "mean_cost": 1323.55,
    "std_cost": 66.36525823049286,
    "median_cost": 1314.0,
    "mean_time": 0.16451539993286132,
    "std_time": 0.024940244810735087,
    "best_solution": [
      43,
      13,
      40,
      14,
      5,
      16,
      17,
      38,
      6,
      24,
      30,
      23,
      18,
      47,
      1,
      34,
      27,
      48,
      8,
      44,
      21,
      9,
      41,
      4,
      28,
      46,
      37,
      25,
      35,
      15,
      49,
      39,
      7,
      10,
      45,
      36,
      2,
      29,
      19,
      11,
      31,
      42,
      26,
      3,
      0,
      33,
      22,
      12,
      32,
      20
    ]
  },
  "HC-First-Swap": {
    "algorithm": "HC-First-Swap",
    "params": {
      "mode": "first",
      "max_evals": 10000,
      "neighborhood": "swap"
    },
    "n_runs": 20,
    "costs": [
      968.0,
      1229.0,
      896.0,
      931.0,
      983.0,
      1073.0,
      956.0,
      1133.0,
      973.0,
      1224.0,
      944.0,
      960.0,
      914.0,
      1296.0,
      1024.0,
      1300.0,
      1027.0,
      808.0,
      845.0,
      988.0
    ],
    "times": [
      0.24485015869140625,
      0.34316587448120117,
      0.2669222354888916,
      0.23843145370483398,
      0.2656123638153076,
      0.25945281982421875,
      0.20358490943908691,
      0.2745039463043213,
      0.2652444839477539,
      0.20306682586669922,
      0.2947969436645508,
      0.24782800674438477,
      0.18926787376403809,
      0.24880576133728027,
      0.22095417976379395,
      0.2318422794342041,
      0.26284050941467285,
      0.320697546005249,
      0.2304236888885498,
      0.28748202323913574
    ],
    "best_cost": 808.0,
    "worst_cost": 1300.0,
    "mean_cost": 1023.6,
    "std_cost": 138.94905541240647,
    "median_cost": 978.0,
    "mean_time": 0.254988694190979,
    "std_time": 0.03740166780290832,
    "best_solution": [
      10,
      36,
      11,
      3,
      42,
      45,
      23,
      18,
      14,
      21,
      44,
      49,
      8,
      43,
      6,
      13,
      17,
      27,
      1,
      34,
      37,
      15,
      48,
      24,
      47,
      31,
      30,
      2,
      0,
      33,
      32,
      22,
      29,
      19,
      26,
      9,
      41,
      12,
      20,
      38,
      4,
      16,
      28,
      5,
      40,
      7,
      46,
      39,
      25,
      35
    ]
  },
  "Multi-Start-HC": {
    "algorithm": "Multi-Start-HC",
    "params": {
      "n_starts": 20,
      "hc_mode": "best",
      "max_evals": 10000,
      "neighborhood": "swap"
    },
    "n_runs": 20,
    "costs": [
      1344.0,
      1201.0,
      1315.0,
      1328.0,
      1354.0,
      1239.0,
      1292.0,
      1368.0,
      1385.0,
      1255.0,
      1302.0,
      1339.0,
      1342.0,
      1278.0,
      1352.0,
      1422.0,
      1306.0,
      1286.0,
      1353.0,
      1375.0
    ],
    "times": [
      0.15852046012878418,
      0.20774149894714355,
      0.163834810256958,
      0.1561293601989746,
      0.15659189224243164,
      0.15472412109375,
      0.21628713607788086,
      0.1582329273223877,
      0.15906500816345215,
      0.16428613662719727,
      0.15214204788208008,
      0.16654300689697266,
      0.15153145790100098,
      0.15969634056091309,
      0.15161871910095215,
      0.15949249267578125,
      0.16376996040344238,
      0.17350506782531738,
      0.15550708770751953,
      0.14906620979309082
    ],
    "best_cost": 1201.0,
    "worst_cost": 1422.0,
    "mean_cost": 1321.8,
    "std_cost": 51.88602894807041,
    "median_cost": 1333.5,
    "mean_time": 0.1639142870903015,
    "std_time": 0.017055728812922204,
    "best_solution": [
      46,
      36,
      10,
      45,
      23,
      42,
      29,
      3,
      2,
      17,
      27,
      40,
      35,
      14,
      48,
      39,
      25,
      7,
      18,
      24,
      41,
      26,
      9,
      6,
      43,
      8,
      20,
      49,
      44,
      21,
      1,
      28,
      16,
      47,
      30,
      32,
      33,
      0,
      12,
      38,
      13,
      4,
      22,
      19,
      11,
      31,
      5,
      15,
      37,
      34
    ]
  },
  "Simulated-Annealing": {
    "algorithm": "Simulated-Annealing",
    "params": {
      "T0": 100,
      "alpha": 0.95,
      "Tmin": 0.01,
      "max_evals": 10000,
      "neighborhood": "swap",
      "palier": 100
    },
    "n_runs": 20,
    "costs": [
      1021.0,
      1006.0,
      1090.0,
      1056.0,
      1099.0,
      984.0,
      991.0,
      1137.0,
      1013.0,
      1048.0,
      1034.0,
      1176.0,
      1162.0,
      1015.0,
      1061.0,
      1057.0,
      1134.0,
      1026.0,
      1107.0,
      1139.0
    ],
    "times": [
      0.11054301261901855,
      0.09904074668884277,
      0.11046195030212402,
      0.12901997566223145,
      0.08344244956970215,
      0.08914566040039062,
      0.08666658401489258,
      0.0924077033996582,
      0.10617518424987793,
      0.09693455696105957,
      0.09593367576599121,
      0.08672642707824707,
      0.09750103950500488,
      0.08878374099731445,
      0.09228301048278809,
      0.10015487670898438,
      0.08228683471679688,
      0.08820843696594238,
      0.10907244682312012,
      0.0941152572631836
    ],
    "best_cost": 984.0,
    "worst_cost": 1176.0,
    "mean_cost": 1067.8,
    "std_cost": 57.501826057960976,
    "median_cost": 1056.5,
    "mean_time": 0.09694517850875854,
    "std_time": 0.011193870037136722,
    "best_solution": [
      20,
      32,
      22,
      19,
      2,
      0,
      33,
      12,
      13,
      17,
      44,
      27,
      8,
      15,
      49,
      43,
      6,
      38,
      4,
      41,
      16,
      48,
      1,
      34,
      37,
      14,
      7,
      46,
      39,
      25,
      35,
      31,
      26,
      9,
      11,
      42,
      3,
      29,
      24,
      28,
      21,
      5,
      40,
      18,
      23,
      47,
      45,
      10,
      36,
      30
    ]
  },
  "Tabu-Search": {
    "algorithm": "Tabu-Search",
    "params": {
      "tabu_tenure": 10,
      "max_evals": 10000,
      "neighborhood": "swap"
    },
    "n_runs": 20,
    "costs": [
      1315.0,
      1377.0,
      1218.0,
      1281.0,
      1363.0,
      1333.0,
      1301.0,
      1268.0,
      1380.0,
      1191.0,
      1335.0,
      1407.0,
      1384.0,
      1290.0,
      1304.0,
      1467.0,
      1359.0,
      1379.0,
      1338.0,
      1410.0
    ],